Job Title,Location,Minimum Salary,Maximum Salary,Technologies,Company,Seniority Level,Job Link
Not specified,Zdalnie,Not specified,Not specified,"Backend, Python, Asyncio, Twisted",OpenVPN,Senior,https://nofluffjobs.com/pl/job/senior-python-engineer-openvpn-remote-2
Not specified,Zdalnie,Not specified,Not specified,"Backend, Python, FastAPI, Django",First Derivative,Senior,https://nofluffjobs.com/pl/job/mid-senior-python-developer-first-derivative-remote
Not specified,Zdalnie,Not specified,Not specified,"Backend, Python, Django, Relational database",Milo Solutions OÜ,Senior,https://nofluffjobs.com/pl/job/senior-python-django-developer-milo-solutions-ou-remote
Not specified,Zdalnie,Not specified,Not specified,"Fullstack, Python, JavaScript, API",Link Group,Mid,https://nofluffjobs.com/pl/job/full-stack-engineer-python-js-remote-link-group
Not specified,Zdalnie,Not specified,Not specified,"Backend, Python, AI, .NET",Euvic S.A.,Senior,https://nofluffjobs.com/pl/job/senior-ai-developer-net-python-euvic-remote
Not specified,Warszawa,Not specified,Not specified,"Backend, Python, FastAPI, NoSQL",Atende Industries Sp. z o.o.,Senior,https://nofluffjobs.com/pl/job/starszy-programista-python-atende-industries-warszawa-1
Not specified,Zdalnie,Not specified,Not specified,"Backend, Python, Django, REST API",Infogain Technologies Sp. z o.o.,Senior,https://nofluffjobs.com/pl/job/senior-software-engineer-python-django-infogain-technologies-remote
Not specified,Zdalnie,Not specified,Not specified,"Backend, Python, Degree, Unit testing",HBM,Senior,https://nofluffjobs.com/pl/job/senior-python-developer-ukrainian-team-hbm-remote
Not specified,Zdalnie,Not specified,Not specified,"Fullstack, Python, React, JavaScript",Order Group,Mid,https://nofluffjobs.com/pl/job/fullstack-developer-python-javascript-order-group-remote
Not specified,Zdalnie,Not specified,Not specified,"Backend, Python, HTML, CSS",SNI,Senior,https://nofluffjobs.com/pl/job/senior-python-developer-sni-remote
Not specified,Zdalnie,Not specified,Not specified,"Fullstack, Python, Django, Flask",STX Next,Senior,https://nofluffjobs.com/pl/job/senior-full-stack-developer-python-vue-stx-next-remote
Not specified,Zdalnie,Not specified,Not specified,"Backend, Python, Microservices architecture, K8s",Holisticon Connect,Senior,https://nofluffjobs.com/pl/job/senior-python-backend-engineer-holisticon-connect-remote
Not specified,Zdalnie,Not specified,Not specified,"Backend, Python, FastAPI, Flask",Link Group,Senior,https://nofluffjobs.com/pl/job/senior-python-developer-azure-gcp-link-group-remote
Not specified,Warszawa,Not specified,Not specified,"Backend, Python, Django, AWS",Twisto Polska Sp. z o.o.,Mid,https://nofluffjobs.com/pl/job/python-developer-twisto-polska-warszawa
Not specified,Zdalnie,Not specified,Not specified,"Fullstack, Python, REST, Git",KRZ Rafał Zdyb,Mid,https://nofluffjobs.com/pl/job/python-software-developer-remote-or-on-site-krz-rafal-zdyb
Not specified,Zdalnie,Not specified,Not specified,"Backend, Python, REST, SQL",N-iX,Senior,https://nofluffjobs.com/pl/job/senior-python-engineer-n-ix-remote-6
Not specified,Zdalnie,Not specified,Not specified,"Fullstack, Python, Communication skills, JavaScript",Proxet,Senior,https://nofluffjobs.com/pl/job/full-stack-python-and-react-developer-proxet-remote
Not specified,Zdalnie,Not specified,Not specified,"Fullstack, Python, React, AWS",1dea,Expert,https://nofluffjobs.com/pl/job/lead-fullstack-developer-python-react-aws-1dea-remote
Not specified,Zdalnie,Not specified,Not specified,"Backend, Python, TensorFlow, Cloud",1dea,Senior,https://nofluffjobs.com/pl/job/senior-genai-ml-engineer-python-1dea-remote-1
Not specified,Zdalnie,Not specified,Not specified,"Backend, Python, Elasticsearch, MongoDB",Adaptiq,Senior,https://nofluffjobs.com/pl/job/python-engineer-adaptiq-remote-2
Senior Python Backend Developer,Łódź,Not specified,Not specified,"Backend, Python, Git, REST",ELESTER Sp z o.o.,Senior,https://nofluffjobs.com/pl/job/senior-python-backend-developer-elester-lodz
Python Developer (with Wowza experience),Zdalnie,21 840,25 200,"Backend, Python, AWS, Node.js",7N,Mid,https://nofluffjobs.com/pl/job/python-developer-with-wowza-experience-7n-remote
Senior Python Engineer (Dev Experience),Zdalnie,Not specified,Not specified,"Backend, Python, Django, RabbitMQ",PandaDoc,Senior,https://nofluffjobs.com/pl/job/senior-python-engineer-dev-experience-pandadoc-remote
"Senior Python Engineer, (monolith decomposition/domain ownership)",Zdalnie,27 000,30 000,"Backend, Python, Django, RabbitMQ",PandaDoc,Senior,https://nofluffjobs.com/pl/job/senior-python-engineer-monolith-decomposition-domain-ownership-pandadoc-remote
Senior FullStack Python Developer,Zdalnie,Not specified,Not specified,"Fullstack, Python, Angular, React",Euvic S.A.,Senior,https://nofluffjobs.com/pl/job/senior-fullstack-python-developer-euvic-remote
Senior Python Developer (Digital Healthcare),Zdalnie,10 643,21 286,"Backend, Python, Security, FastAPI",RemoteBranch.io,Senior,https://nofluffjobs.com/pl/job/senior-python-developer-digital-healthcare-remotebranch-io-remote
SQL Developer with Python,Łódź,Not specified,Not specified,"Backend, Python, SQL, angielski",CommerzBank,Mid,https://nofluffjobs.com/pl/job/sql-developer-with-python-commerzbank-lodz
Senior Python Developer,Kraków,20 000,25 000,"Backend, Python, pandas, NumPy",HSBC Technology Poland,Senior,https://nofluffjobs.com/pl/job/senior-python-developer-hsbc-technology-poland-krakow
Technical Leader (Python & Scala),Zdalnie,Not specified,Not specified,"Backend, Python, Flask, Microsoft SQL Server",Euvic S.A.,Senior,https://nofluffjobs.com/pl/job/technical-leader-python-scala-euvic-remote
Python Developer (AI/genAI),Zdalnie,18 000,22 000,"Backend, Python, FastAPI, NoSQL",Deviniti,Mid,https://nofluffjobs.com/pl/job/python-developer-ai-genai-deviniti-remote
Senior Backend / Python Cloud engineer,Poznań,23 520,30 240,"Backend, Python, REST API, FastAPI",Tangent,Senior,https://nofluffjobs.com/pl/job/senior-backend-python-cloud-engineer-tangent-poznan
T Hub - Python Developer,Warszawa,Not specified,Not specified,"Backend, Python, Git, SQL",T-Mobile Polska,Mid,https://nofluffjobs.com/pl/job/t-hub-python-developer-t-mobile-polska-warszawa
Back-End Software Engineer - Python / AI / ML,Zdalnie,30 000,50 000,"Backend, Python, SQL, Django",Knowde Inc.,Senior,https://nofluffjobs.com/pl/job/back-end-software-engineer-python-ai-ml-knowde-remote-1
Tech Lead (Python / Node),Bielsko-Biała,19 000,21 840,"Backend, Python, SQL, Miro",SoftKraft,Senior,https://nofluffjobs.com/pl/job/tech-lead-python-node-softkraft-bielskobiala
Senior/Lead Python Backend Developer,Wrocław,18 480,29 400,"Backend, Python, Azure, angielski",Spyrosoft,Expert,https://nofluffjobs.com/pl/job/senior-lead-python-backend-developer-spyrosoft-wroclaw
Trainee Python Developer,Warsaw,bezpłatnystaż,bezpłatnystaż,"Backend, Python, OOP, Django",Innowise,Not specified,https://nofluffjobs.com/pl/job/trainee-python-developer-innowise-warsaw
Remote Senior Django/Python Developer,Zdalnie,Not specified,Not specified,"Backend, Python, Django, Celery",Pomagam.pl,Senior,https://nofluffjobs.com/pl/job/remote-senior-django-python-developer-pomagam-pl
Senior/Expert Python Developer,Zdalnie,26 880,36 960,"Backend, Python, FastAPI, Django",First Derivative,Senior,https://nofluffjobs.com/pl/job/senior-expert-python-developer-first-derivative-remote
Python Developer,Wrocław,16 000,18 000,"Backend, Python, Django, SQL",VikingCo Poland Sp. z o.o.,Mid,https://nofluffjobs.com/pl/job/python-developer-vikingco-poland-wroclaw
Mid Python Fullstack Developer,Katowice,7 000,10 000,"Fullstack, Python, JavaScript, JQuery",COIG S.A.,Mid,https://nofluffjobs.com/pl/job/mid-python-fullstack-developer-coig-katowice
Junior Python Developer,Zielona Góra,7 900,14 000,"Backend, Python, Django, SQL",B2C2 Ltd.,Junior,https://nofluffjobs.com/pl/job/junior-python-developer-b2c2-ltd--zielonagora
BackEnd Developer  NOWA,Zdalnie,Not specified,Not specified,"Backend, Python, Engineering, angielski",ALLSTARSIT,Senior,https://nofluffjobs.com/pl/job/backend-developer-allstarsit-remote
AVP Financial Engineering – Senior Developer  NOWA,Kraków,Not specified,Not specified,"Fullstack, Python, Web applications, Next.js",HSBC Technology Poland,Senior,https://nofluffjobs.com/pl/job/avp-financial-engineering-senior-developer-hsbc-technology-poland-krakow-1
Backend Developer  NOWA,Zdalnie,23 520,28 560,"Backend, Python, Django, FastAPI",Lingaro,Senior,https://nofluffjobs.com/pl/job/backend-developer-lingaro-remote
VP Financial Engineering - Lead Developer  NOWA,Kraków,Not specified,Not specified,"Backend, Python, CI/CD Pipelines, GCP",HSBC Technology Poland,Expert,https://nofluffjobs.com/pl/job/vp-financial-engineering-lead-developer-hsbc-technology-poland-krakow
Software Engineer  NOWA,Zdalnie,34 441,51 662,"Backend, Python, IaC, Docker",Fathom Inc.,Senior,https://nofluffjobs.com/pl/job/software-engineer-fathom-remote-1
Backend Developer  NOWA,Zdalnie,Not specified,Not specified,"Backend, Python, Boost, AWS Lambda",Welltech,Mid,https://nofluffjobs.com/pl/job/backend-developer-welltech-remote
Generative AI Backend Developer (Azure),Zdalnie,27 000,34 500,"Backend, Python, C#, REST API",hubQuest,Mid,https://nofluffjobs.com/pl/job/generative-ai-backend-developer-azure-hubquest-remote
Senior Backend Engineer,Zdalnie,35 000,54 000,"Backend, Python, AWS, AI",DualEntry,Senior,https://nofluffjobs.com/pl/job/senior-backend-engineer-dualentry-remote-5
Core Backend Developer,Zdalnie,20 000,26 000,"Backend, Python, REST API, MongoDB",plantecs,Mid,https://nofluffjobs.com/pl/job/core-backend-developer-plantecs-remote
Lead FullStack Developer,Zdalnie,21 400,32 100,"Fullstack, Python, AWS, JavaScript",Montrose Software (Polska) Sp. z o.o.,Expert,https://nofluffjobs.com/pl/job/lead-fullstack-developer-montrose-software-polska-remote
Senior Backend Engineer,Zdalnie,39 293,47 835,"Backend, Python, Docker, Flask",Focal Systems,Senior,https://nofluffjobs.com/pl/job/senior-backend-engineer-focal-systems-remote-1
Lead Software Engineering,Warszawa,29 400,34 650,"Backend, Python, Scrum, Agile",smartpatient,Expert,https://nofluffjobs.com/pl/job/lead-software-engineering-smartpatient-warszawa
Fullstack Developer,Zdalnie,28 608,34 330,"Fullstack, Python, TypeScript, AWS",Ework Group,Senior,https://nofluffjobs.com/pl/job/fullstack-developer-ework-group-remote-4
Senior Backend Engineer,Zdalnie,Not specified,Not specified,"Backend, Python, PostgreSQL, SQLAlchemy",Welltech,Senior,https://nofluffjobs.com/pl/job/senior-backend-engineer-welltech-remote
Senior Software Engineer,Warszawa,18 000,25 000,"Backend, Python, Linux, Git",CloudFerro S.A,Senior,https://nofluffjobs.com/pl/job/senior-software-engineer-cloudferro-warszawa-5
Junior Developer,Kraków,9 000,11 500,"Fullstack, Python, Web development, Ruby",u2i,Junior,https://nofluffjobs.com/pl/job/junior-developer-u2i-krakow
Remote Senior Software Developer,Zdalnie,25 000,28 000,"Backend, Python, AWS, SQL",foodflov,Senior,https://nofluffjobs.com/pl/job/remote-senior-software-developer-foodflov
AI/Full-Stack Developer,Zdalnie,34 176,53 400,"Backend, Python, angielski",Kenja K.K.,Senior,https://nofluffjobs.com/pl/job/ai-full-stack-developer-kenja-k-k--remote
QA Automation Engineer with Python  NOWA,Zdalnie,12 750,20 000,"Testing, Python, CI/CD tools, Virtualization",CodiLime,Mid,https://nofluffjobs.com/pl/job/qa-automation-engineer-with-python-codilime-remote
Senior Firewall Engineer with Python  NOWA,Zdalnie,18 000,29 000,"Security, Python, Check Points firewalls, Network Security",CodiLime,Senior,https://nofluffjobs.com/pl/job/senior-firewall-engineer-with-python-codilime-remote-1
Python Test Developer with DevOps  NOWA,Warszawa,25 200,25 200,"Testing, Python, Selenium, Postman",Sii Polska,Senior,https://nofluffjobs.com/pl/job/python-test-developer-with-devops-sii-polska-warszawa
Data Scientist (Python + GenAI)  NOWA,Zdalnie,24 360,26 880,"Data, Python, LLMs, pandas",emagine Sp. Z o.o.,Mid,https://nofluffjobs.com/pl/job/data-scientist-python-genai-emagine-remote
"Senior Data Engineer (Python, SQL, AWS)  NOWA",Warszawa,25 200,30 240,"Data, Python, pandas, PySpark",Scalo,Senior,https://nofluffjobs.com/pl/job/senior-data-engineer-python-sql-aws-scalo-warszawa
"Data Engineer (Python, AWS) - Remote  NOWA",Zdalnie,20 160,23 520,"Data, Python, dbt, SQL",Scalo,Mid,https://nofluffjobs.com/pl/job/data-engineer-python-aws-remote-scalo
Senior Python Engineer (Computer Vision Team)  NOWA,Kraków,26 000,36 000,"Architecture, Python, Docker, Azure",Tesco Technology,Senior,https://nofluffjobs.com/pl/job/senior-python-engineer-computer-vision-team-tesco-technology-krakow-2
Senior Firewall Engineer with Check Point and Python,Zdalnie,18 000,29 000,"Security, Python, Check Points firewalls, Network Security",CodiLime,Senior,https://nofluffjobs.com/pl/job/senior-firewall-engineer-with-check-point-and-python-codilime-remote
Mid/Senior Network Engineer with Python - Remote,Zdalnie,16 500,25 000,"Testing, Python, Test automation, pytest",CodiLime,Mid,https://nofluffjobs.com/pl/job/mid-senior-network-engineer-with-python-remote-codilime
Python Developer - Digital Operation,Warszawa,Not specified,Not specified,"Data, Python, SQL, CI/CD",T-Mobile Polska,Mid,https://nofluffjobs.com/pl/job/python-developer-digital-operation-t-mobile-polska-warszawa
Automation Tester/QA (Python),Warszawa,15 120,18 480,"Testing, Python, Selenium, pytest",Scalo,Mid,https://nofluffjobs.com/pl/job/automation-tester-qa-python-scalo-warszawa
Test Automation Engineer with Python,Kraków,10 000,16 000,"Testing, Python, CI/CD, C++",Motorola Solutions Systems Polska,Mid,https://nofluffjobs.com/pl/job/test-automation-engineer-with-python-motorola-solutions-systems-polska-krakow
Python Test Automation Engineer,Gdańsk,26 880,26 880,"Testing, Python, Confluence, SDLC",emagine Sp. Z o.o.,Senior,https://nofluffjobs.com/pl/job/python-test-automation-engineer-emagine-gdansk
Python/Scala Developer - Remote,Zdalnie,16 800,20 160,"Data, Python, Scala, Spark",Link Group,Mid,https://nofluffjobs.com/pl/job/python-scala-developer-remote-link-group
Automation Tech Lead (Python),Zdalnie,28 701,30 751,"Testing, Python, Playwright, TypeScript",Adaptiq,Senior,https://nofluffjobs.com/pl/job/automation-tech-lead-python-adaptiq-remote
Senior Automation Tester (Python),Gdynia,20 160,24 360,"Testing, Python, Git, BDD",Scalo,Senior,https://nofluffjobs.com/pl/job/senior-automation-tester-python-scalo-gdynia
Tech Lead for Python Test Automation Developers,Warszawa,20 000,29 000,"Testing, Python, Team management, SQL",CloudFerro,Senior,https://nofluffjobs.com/pl/job/tech-lead-for-python-test-automation-developers-cloudferro-warszawa
Lider Zespołu Data Science – Python i Machine Learning,Warszawa,23 000,28 000,"Data, Python, Machine learning, scikit-learn",Respect Energy Holding S.A.,Senior,https://nofluffjobs.com/pl/job/lider-zespolu-data-science-python-i-machine-learning-respect-energy-holding-warszawa
QA Automation Team Leader with Python Expertise,Zdalnie,26 651,31 981,"Testing, Python, Degree, API",Mend.io,Expert,https://nofluffjobs.com/pl/job/qa-automation-team-leader-with-python-expertise-mend-io-remote
Senior Power BI Engineer with Python skills,Zdalnie,20 000,23 000,"Business Intelligence, Python, Power BI, DAX",N-iX,Senior,https://nofluffjobs.com/pl/job/senior-power-bi-engineer-with-python-skills-n-ix-remote
Python Software Engineer for Big Data,Warszawa,18 480,25 200,"Data, Python, Spark, Databricks",AXA IT Solutions,Mid,https://nofluffjobs.com/pl/job/python-software-engineer-for-big-data-axa-it-solutions-warszawa
Senior Python Developer,Zdalnie,23 414,30 128,"Data, Python, SQL, REST API",Plot.ai,Senior,https://nofluffjobs.com/pl/job/senior-python-developer-plot-ai-remote
Senior AI Engineer  NOWA,Zdalnie,28 608,29 502,"AI/ML, Python, Azure, FastAPI",SNI,Senior,https://nofluffjobs.com/pl/job/senior-ai-engineer-sni-remote
Data Scientist  NOWA,Warszawa,Not specified,Not specified,"Data, Python, Machine learning, scikit-learn",T-Mobile Polska,Mid,https://nofluffjobs.com/pl/job/data-scientist-t-mobile-polska-warszawa
Data Engineer  NOWA,Zdalnie,Not specified,Not specified,"Data, Python, DevOps, Data science",Engenious,Mid,https://nofluffjobs.com/pl/job/data-engineer-engenious-remote
Senior DevOps Engineer   NOWA,Katowice,16 000,25 000,"DevOps, Python, CI/CD, Jenkins",Jamf,Senior,https://nofluffjobs.com/pl/job/senior-devops-engineer-jamf-katowice
Senior Test Automation Engineer  NOWA,Gdańsk,27 720,27 720,"Testing, Python, QA, Test automation",emagine Sp. Z o.o.,Senior,https://nofluffjobs.com/pl/job/senior-test-automation-engineer-emagine-gdansk
Senior Automation and Test Engineer  NOWA,Krakow,27 300,32 550,"DevOps, Python, Jenkins, Ansible",Mindbox S.A.,Senior,https://nofluffjobs.com/pl/job/senior-automation-and-test-engineer-mindbox-krakow
Senior Data Engineer  NOWA,Zdalnie,34 000,40 000,"Data, Python, SQL, dbt",Sunscrapers,Senior,https://nofluffjobs.com/pl/job/senior-data-engineer-sunscrapers-remote-9
Senior AI Engineer  NOWA,Zdalnie,26 880,31 920,"AI/ML, Python, AWS, Azure",Idego Group Sp. z o.o.,Senior,https://nofluffjobs.com/pl/job/senior-ai-engineer-idego-group-remote
Senior Machine Learning Engineer  NOWA,Zdalnie,32 088,37 800,"AI/ML, Python, SQL, TensorFlow",OpenX,Senior,https://nofluffjobs.com/pl/job/senior-machine-learning-engineer-openx-remote
Senior Network Automation Test Engineer  NOWA,Zdalnie,23 100,31 500,"Testing, Python, Robot Framework, Networking",Amartus Polska Sp. z o.o.,Senior,https://nofluffjobs.com/pl/job/senior-network-automation-test-engineer-amartus-polska-remote-1
Software QA Engineer with Networking - Remote  NOWA,Zdalnie,13 000,23 000,"Testing, Python, CI/CD tools, Jenkins",CodiLime,Mid,https://nofluffjobs.com/pl/job/software-qa-engineer-with-networking-remote-codilime
Data Scientist (BioPharma)  NOWA,Zdalnie,18 480,22 680,"Data, Python, Machine learning, NLP",Holisticon Connect,Mid,https://nofluffjobs.com/pl/job/data-scientist-biopharma-holisticon-connect-remote
Data Scientist - Remote   NOWA,Zdalnie,17 000,25 000,"Data, Python, angielski",Link Group,Mid,https://nofluffjobs.com/pl/job/data-scientist-remote-link-group
Gen AI Platform Architect  NOWA,Zdalnie,26 600,36 650,"AI/ML, Python, AWS, Gen AI",Xebia sp. z o.o.,Expert,https://nofluffjobs.com/pl/job/gen-ai-platform-architect-xebia-remote
Data Scientist - 100% remote  NOWA,Zdalnie,21 840,25 200,"Data, Python, NLP, AWS",AVENGA,Mid,https://nofluffjobs.com/pl/job/data-scientist-100-remote-avenga
Senior Data Engineer -100% remote  NOWA,Zdalnie,28 560,31 920,"Data, Python, angielski, polski",AVENGA,Senior,https://nofluffjobs.com/pl/job/senior-data-engineer-100-remote-avenga-1
Senior Data Engineer  NOWA,Zdalnie,24 000,30 000,"Data, Python, Big data, Data engineering",Grape Up,Senior,https://nofluffjobs.com/pl/job/senior-data-engineer-grape-up-remote
Junior DevOps/Cloud Engineer  NOWA,Zdalnie,Not specified,Not specified,"DevOps, Python, AWS, GCP",CloudForge,Junior,https://nofluffjobs.com/pl/job/junior-devops-cloud-engineer-cloudforge-remote
Senior Data Scientist Remote  NOWA,Zdalnie,20 160,26 880,"Data, Python, Data analysis, Machine learning",DS STREAM,Senior,https://nofluffjobs.com/pl/job/senior-data-scientist-remote-ds-stream
Data Scientist  NOWA,Zdalnie,Not specified,Not specified,"AI/ML, Python, PySpark, Degree",Experis Polska,Mid,https://nofluffjobs.com/pl/job/data-scientist-experis-polska-remote
Remote Data Engineer   NOWA,Zdalnie,15 000,19 000,"Data, Python, Data modelling, Storage",Kingfisher plc.,Mid,https://nofluffjobs.com/pl/job/remote-data-engineer-kingfisher-plc--2
AI Engineer  NOWA,Zdalnie,Not specified,Not specified,"AI/ML, Python, Degree, FastAPI",emagine Sp. Z o.o.,Mid,https://nofluffjobs.com/pl/job/ai-engineer-emagine-remote
DevOps/Cloud Engineer  NOWA,Zdalnie,Not specified,Not specified,"DevOps, Python, AWS, Ansible",CloudForge,Mid,https://nofluffjobs.com/pl/job/devops-cloud-engineer-cloudforge-remote
Senior Data Project Manager  NOWA,Zdalnie,16 400,24 601,"Data, Python, Data engineering, AWS",N-iX,Senior,https://nofluffjobs.com/pl/job/senior-data-project-manager-n-ix-remote
Machine Learning Engineer  NOWA,Zdalnie,13 500,21 600,"AI/ML, Python, Machine learning, Data science",Boneffice System,Mid,https://nofluffjobs.com/pl/job/machine-learning-engineer-boneffice-system-remote
Senior Bioinformatics Data Engineer - cBioPortal  NOWA,Zdalnie,23 520,26 880,"Data, Python, SQL, pandas",Holisticon Connect,Senior,https://nofluffjobs.com/pl/job/senior-bioinformatics-data-engineer-cbioportal-holisticon-connect-remote
Middle/Senior Data Engineer for Technology Office   NOWA,Zdalnie,20 501,24 601,"Data, Python, Databricks, dbt",N-iX,Senior,https://nofluffjobs.com/pl/job/middle-senior-data-engineer-for-technology-office-n-ix-remote
DevOps Engineer,Zdalnie,24 601,28 701,"DevOps, Python, Linux, Python/Go/Bash",Gett,Senior,https://nofluffjobs.com/pl/job/devops-engineer-gett-remote-1
Software Engineer - Speech and Language Processing,Warsaw,Not specified,Not specified,"AI/ML, Python, Algorithms, Data structures",HUAWEI,Mid,https://nofluffjobs.com/pl/job/software-engineer-speech-and-language-processing-huawei-warsaw
Senior Cloud Data Engineer,Warszawa,25 000,34 000,"DevOps, Python, Data modeling, Data pipelines",Link Group,Senior,https://nofluffjobs.com/pl/job/senior-cloud-data-engineer-link-group-warszawa-2
Senior Data Engineer,Zdalnie,18 450,24 601,"Data, Python, Azure, MySQL",N-iX,Senior,https://nofluffjobs.com/pl/job/senior-data-engineer-n-ix-remote-2
Senior Data Engineer,Zdalnie,18 000,25 000,"Data, Python, SQL, T-SQL",XTB,Senior,https://nofluffjobs.com/pl/job/senior-data-engineer-xtb-remote
Senior GenAI Engineer,Cracow,Not specified,Not specified,"AI/ML, Python, UI, Cloud",Capco Poland,Senior,https://nofluffjobs.com/pl/job/senior-genai-engineer-capco-poland-cracow
Data Architect,Zdalnie,28 560,31 080,"Data, Python, Databricks, Azure Data Factory",AVENGA,Mid,https://nofluffjobs.com/pl/job/data-architect-avenga-remote-5
Senior AI/ML Developer,Zdalnie,Not specified,Not specified,"AI/ML, Python, Deep learning, Cloud platform",C&F S.A.,Senior,https://nofluffjobs.com/pl/job/senior-ai-ml-developer-c-f-remote
AI/ML Engineer,Zdalnie,Not specified,Not specified,"AI/ML, Python, AI, Data analysis",PAR Data Central,Senior,https://nofluffjobs.com/pl/job/ai-ml-engineer-par-data-central-remote
BI/Data Engineer for Data Warehouse,Zdalnie,12 771,23 414,"Data, Python, BI, DWH",Manpower Group,Mid,https://nofluffjobs.com/pl/job/bi-data-engineer-for-data-warehouse-manpower-group-remote
"Staff Software Engineer, AI Inference",Zdalnie,20 501,41 002,"AI/ML, Python, Public cloud, GCP",Speechify,Senior,https://nofluffjobs.com/pl/job/staff-software-engineer-ai-inference-speechify-remote
DevOps Google Cloud Platform,Kraków,Not specified,Not specified,"DevOps, Python, Docker, K8s",Antal,Senior,https://nofluffjobs.com/pl/job/devops-google-cloud-platform-antal-krakow
Junior Data Scientist,Warszawa,Not specified,Not specified,"Data, Python, SQL, Data science",T-Mobile Polska,Junior,https://nofluffjobs.com/pl/job/junior-data-scientist-t-mobile-polska-warszawa
Data Analyst,Kraków,30 240,33 600,"Data, Python, Azure Databricks, TDD",Mindbox S.A.,Mid,https://nofluffjobs.com/pl/job/data-analyst-mindbox-krakow
Lead Data Scientist / ML Engineer,Zdalnie,19 320,28 560,"AI/ML, Python, Machine learning, Data science",Addepto,Senior,https://nofluffjobs.com/pl/job/lead-data-scientist-ml-engineer-addepto-remote-1
Data Scientist / ML Engineer,Zdalnie,16 800,28 560,"AI/ML, Python, Machine learning, Data science",Addepto,Senior,https://nofluffjobs.com/pl/job/data-scientist-ml-engineer-addepto-remote-2
Data Engineer,Wrocław,23 520,26 880,"Data, Python, Azure Data Factory, Azure Databricks",AVENGA,Mid,https://nofluffjobs.com/pl/job/data-engineer-avenga-wroclaw-7
"Software Engineering Manager (AI, Knowledge Platform)",Zdalnie,30 000,35 000,"AI/ML, Python, People Management, SDLC",Infermedica Sp z.o.o,Senior,https://nofluffjobs.com/pl/job/software-engineering-manager-ai-knowledge-platform-infermedica-remote
Data Scientist - Computer Vision,Kraków,20 000,27 000,"Data, Python, Testing, Docker",Tesco Technology,Mid,https://nofluffjobs.com/pl/job/data-scientist-computer-vision-tesco-technology-krakow
Bioinformatyk,Zdalnie,19 320,23 520,"Data, Python, R, Bash",AVENGA,Senior,https://nofluffjobs.com/pl/job/bioinformatyk-avenga-remote
Senior Test Automation Engineer (Python+Robot Framework),Warsaw,26 880,26 880,"Testing, Python, Git, Robot Framework",emagine Sp. Z o.o.,Senior,https://nofluffjobs.com/pl/job/senior-test-automation-engineer-python-robot-framework-emagine-warsaw
Remote Embedded Test Automation Engineer,Zdalnie,23 520,30 000,"Testing, Python, Communication skills, Git",int2code GmbH,Mid,https://nofluffjobs.com/pl/job/remote-embedded-test-automation-engineer-int2code-1
Microsoft Azure DevOps Cloud Engineer (Azure WAF Engineer),Krakow,23 100,27 300,"DevOps, Python, Azure, IaaS",Mindbox S.A.,Senior,https://nofluffjobs.com/pl/job/microsoft-azure-devops-cloud-engineer-azure-waf-engineer-mindbox-krakow
Databricks Expert/ Consultant,Zdalnie,25 000,35 000,"Data, Python, Databricks, Spark",Xebia sp. z o.o.,Expert,https://nofluffjobs.com/pl/job/databricks-expert-consultant-xebia-remote
Senior MLOps Engineer,Kraków,30 240,35 280,"DevOps, Python, GCP, BigQuery",j-labs software specialist,Senior,https://nofluffjobs.com/pl/job/senior-mlops-engineer-j-labs-software-specialist-krakow
Staff Software Developer in Test (SDET),Zdalnie,Not specified,Not specified,"Testing, Python, pytest, Selenium",PandaDoc,Expert,https://nofluffjobs.com/pl/job/staff-software-developer-in-test-sdet-pandadoc-remote
Tester Automatyzujący,Warszawa,10 080,15 120,"Testing, Python, Test automation, Selenium",Goldenore  ITC Sp. z o.o.,Mid,https://nofluffjobs.com/pl/job/tester-automatyzujacy-goldenore-itc-warszawa
Senior Data Engineer,Poznań,Not specified,Not specified,"Data, Python, SQL, Spark",ROCKWOOL Global Business Service,Senior,https://nofluffjobs.com/pl/job/senior-data-engineer-rockwool-global-business-service-poznan
Senior Data Engineer,Zdalnie,25 500,33 000,"Data, Python, DWH, Data pipelines",Proxet,Senior,https://nofluffjobs.com/pl/job/senior-data-engineer-proxet-remote-2
Senior Data Analyst,Gdańsk,Not specified,Not specified,"Data, Python, Power BI, MS Office Suite",Seargin,Senior,https://nofluffjobs.com/pl/job/senior-data-analyst-seargin-gdansk
Senior Machine Learning Engineer,Zdalnie,22 000,28 000,"AI/ML, Python, Machine learning, Communication skills",Tooploox,Senior,https://nofluffjobs.com/pl/job/senior-machine-learning-engineer-tooploox-remote-2
Software DevOps Engineer,Łódź,20 000,30 000,"DevOps, Python, Docker, C++",HEXAGON | Intergraph Polska Sp. z o.o.,Senior,https://nofluffjobs.com/pl/job/software-devops-engineer-hexagon-intergraph-polska-lodz
Data Platform Engineer,Warszawa,20 000,30 000,"Data, Python, DevOps, Oracle DB",Schenker Technology Center (Warsaw) sp. z o.o.,Mid,https://nofluffjobs.com/pl/job/data-platform-engineer-schenker-technology-center-warsaw-warszawa
PySpark Developer,Zdalnie,18 480,21 840,"Data, Python, Data engineering, Big data",Link Group,Senior,https://nofluffjobs.com/pl/job/pyspark-developer-link-group-remote
Data Scientist,Zdalnie,24 000,30 000,"Data, Python, NLP, AWS",Sii Polska,Senior,https://nofluffjobs.com/pl/job/data-scientist-sii-polska-remote-3
CI/CD Engineer,Warsaw,28 560,28 560,"DevOps, Python, SonarQube, Maven",emagine Sp. Z o.o.,Mid,https://nofluffjobs.com/pl/job/ci-cd-engineer-emagine-warsaw
Remote Data Engineer,Zdalnie,Not specified,Not specified,"Data, Python, SQL, ETL",G2A,Mid,https://nofluffjobs.com/pl/job/remote-data-engineer-g2a
ML/AI Engineer,Zdalnie,25 200,33 600,"AI/ML, Python, AI, Databricks",Lingaro,Expert,https://nofluffjobs.com/pl/job/ml-ai-engineer-lingaro-remote
Data Engineer - Tech Lead (Ukrainian speaking),Zdalnie,28 701,34 851,"Data, Python, SQL, Databricks",Alcor,Expert,https://nofluffjobs.com/pl/job/data-engineer-tech-lead-ukrainian-speaking-alcor-remote
Data Engineer,Warszawa,Not specified,Not specified,"Data, Python, ETL, Relacyjne Bazy Danych",PKO Finat,Senior,https://nofluffjobs.com/pl/job/data-engineer-pko-finat-warszawa-2
Application Security Engineer,Zdalnie,27 720,33 600,"Security, Python, BlackDuck, Nexus IQ",Avenga,Senior,https://nofluffjobs.com/pl/job/application-security-engineer-avenga-remote-2
Senior Data Engineer,Gdynia,25 200,30 240,"Data, Python, Spark, Big data",emagine Sp. Z o.o.,Senior,https://nofluffjobs.com/pl/job/senior-data-engineer-emagine-gdynia
Senior Generative AI Data Scientist,Warszawa,14 280,28 560,"AI/ML, Python, AI, Data science",Spyrosoft,Senior,https://nofluffjobs.com/pl/job/senior-generative-ai-data-scientist-spyrosoft-warszawa-2
Mid AI/ML Engineer - 100% Remote,Zdalnie,10 000,15 000,"AI/ML, Python, TensorFlow, Machine learning",Camino Science sp. z o.o.,Mid,https://nofluffjobs.com/pl/job/mid-ai-ml-engineer-100-remote-camino-science
ML engineer / Data Scientist,Zdalnie,20 160,21 840,"Data, Python, MLOps, UI",ITFS Sp. z o.o.,Mid,https://nofluffjobs.com/pl/job/ml-engineer-data-scientist-itfs-remote
Remote Junior/Mid Cloud Infrastructure Specialist / Infrastructure Operations Specialist,Zdalnie,10 250,20 501,"DevOps, Python, Bash, UNIX/Linux",Talentica,Mid,https://nofluffjobs.com/pl/job/remote-junior-mid-cloud-infrastructure-specialist-infrastructure-operations-specialist-talentica
Senior Cloud DevOps Engineer,Kraków,15 000,21 000,"DevOps, Python, Cloud, Cloud platform",Motorola Solutions Systems Polska,Senior,https://nofluffjobs.com/pl/job/senior-cloud-devops-engineer-motorola-solutions-systems-polska-krakow-1
Site Reliability Engineer Senior,Zdalnie,19 000,20 000,"DevOps, Python, Linux, Python/Golang",Akamai,Senior,https://nofluffjobs.com/pl/job/site-reliability-engineer-senior-akamai-remote
Senior Site Reliability Engineer,Zdalnie,19 000,20 000,"DevOps, Python, Linux, Python/Golang",Akamai,Senior,https://nofluffjobs.com/pl/job/senior-site-reliability-engineer-akamai-remote-6
Site Reliability Engineer (Mid),Zdalnie,13 000,14 000,"DevOps, Python, Linux, Python/Golang",Akamai,Mid,https://nofluffjobs.com/pl/job/site-reliability-engineer-mid-akamai-remote
Data Engineer,Katowice,Not specified,Not specified,"Data, Python, SQL, Data pipelines",Travcorp Poland,Mid,https://nofluffjobs.com/pl/job/data-engineer-travcorp-poland-katowice
Specjalista ds. Rozwoju Sztucznej Inteligencji (LLM),Warszawa,Not specified,Not specified,"AI/ML, Python, SpaCy, pandas",Orange Polska,Mid,https://nofluffjobs.com/pl/job/specjalista-ds-rozwoju-sztucznej-inteligencji-llm-orange-polska-warszawa
Data Scientist,Zdalnie,16 000,18 000,"Data, Python, SQL, AWS",Commerce Media Tech,Senior,https://nofluffjobs.com/pl/job/data-scientist-commerce-media-tech-remote
Senior AI / GenAI Engineer,Zdalnie,25 831,36 901,"AI/ML, Python, Azure, ML",N-iX,Senior,https://nofluffjobs.com/pl/job/senior-ai-genai-engineer-n-ix-remote
Senior Test Automation Engineer,Gdańsk,27 720,27 720,"Testing, Python, SQL, ETL",emagine Sp. Z o.o.,Senior,https://nofluffjobs.com/pl/job/senior-test-automation-engineer-emagine-gdansk-1
Cloud Data Engineer,Warszawa,Not specified,Not specified,"Data, Python, SQL, ETL",Webellian,Mid,https://nofluffjobs.com/pl/job/cloud-data-engineer-webellian-warszawa
Engineering Manager (AI & Big Data),Zdalnie,24 000,30 000,"AI/ML, Python, Team management, Technical background",Addepto,Senior,https://nofluffjobs.com/pl/job/engineering-manager-ai-big-data-addepto-remote-2
Middle/Senior Data Engineer,Zdalnie,16 400,21 526,"Data, Python, SQL, AWS",N-iX,Mid,https://nofluffjobs.com/pl/job/middle-senior-data-engineer-n-ix-remote
Senior DevOps Engineer,Zdalnie,32 000,42 000,"DevOps, Python, GCP, K8s",RTB House,Senior,https://nofluffjobs.com/pl/job/senior-devops-engineer-rtb-house-remote
DevOps Engineer,Warszawa,25 000,30 000,"DevOps, Python, Azure, Azure Cloud",Respect Energy Fuels,Mid,https://nofluffjobs.com/pl/job/devops-engineer-respect-energy-fuels-warszawa
Junior DevOps Engineer,Zdalnie,7 000,12 000,"DevOps, Python, Terraform, K8s",SlickCloud,Junior,https://nofluffjobs.com/pl/job/junior-devops-engineer-slickcloud-remote-1
Project Manager (AI & Big Data)  NOWA,Zdalnie,18 000,26 000,"AI/ML, Python, Project management, Team management",Addepto,Senior,https://nofluffjobs.com/pl/job/project-manager-ai-big-data-addepto-remote-4
Junior Data Solutions Engineer,Warszawa,Not specified,Not specified,"Data, Python, Excel, Google Workspace",Cloud Technologies,Junior,https://nofluffjobs.com/pl/job/junior-data-solutions-engineer-cloud-technologies-warszawa-1
Senior Backend Python Developer  NOWA,Kraków,Not specified,Not specified,"Backend, Python, CI/CD Pipelines, Docker",HSBC Technology Poland,Senior,https://nofluffjobs.com/pl/job/senior-backend-python-developer-hsbc-technology-poland-krakow
Senior Software Development Engineer (Scala/Python)  NOWA,Warszawa,Not specified,Not specified,"Data, Python, Scala, Data engineering",Experis Polska,Senior,https://nofluffjobs.com/pl/job/senior-software-development-engineer-scala-python-experis-polska-warszawa
Power Engineer with basic Python  NOWA,Zdalnie,7 200,14 400,"Data, Python, Data science, Power Engieering",Boneffice System,Mid,https://nofluffjobs.com/pl/job/power-engineer-with-basic-python-boneffice-system-remote
Senior Fullstack Developer (React + Python)  NOWA,Gdańsk,22 680,27 216,"Fullstack, Python, React, Material UI",Bright Inventions,Senior,https://nofluffjobs.com/pl/job/senior-fullstack-developer-react-python-bright-inventions-gdansk
AWS Fullstack Developer React + Python,Zdalnie,16 400,20 501,"Fullstack, Python, React, AWS",Excedo Services sp. z o.o.,Mid,https://nofluffjobs.com/pl/job/aws-fullstack-developer-react-python-excedo-services-remote
"Financial Data Engineer (Python, SQL)",Zdalnie,15 120,19 320,"Data, Python, SQL, Git",SoftKraft,Mid,https://nofluffjobs.com/pl/job/financial-data-engineer-python-sql-softkraft-remote
Senior Java/Python Developer,Zdalnie,16 800,23 520,"Backend, Python, Java, Degree",Sopra Steria Poland,Senior,https://nofluffjobs.com/pl/job/senior-java-python-developer-sopra-steria-poland-remote
DevOps Engineer  NOWA,Zdalnie,21 000,33 600,"DevOps, Python, AWS, Terraform",Cognitran,Senior,https://nofluffjobs.com/pl/job/devops-engineer-cognitran-remote
Azure Data Architect | AI & Data Practice | Consulting  NOWA,Warsaw,Not specified,Not specified,"Architecture, Python, Azure, Azure Cloud",Deloitte,Expert,https://nofluffjobs.com/pl/job/azure-data-architect-ai-data-practice-consulting-deloitte-warsaw
Murex Front Office Consultant  NOWA,Szczecin,Not specified,Not specified,"Business Analysis, Python, SQL, Java",Deloitte,Senior,https://nofluffjobs.com/pl/job/murex-front-office-consultant-deloitte-szczecin
Internship/Praktyki | Extended Enterprise  NOWA,Gdańsk,Not specified,Not specified,"Support, Python, Analytical skills, Excel",Deloitte,Trainee,https://nofluffjobs.com/pl/job/internship-praktyki-extended-enterprise-deloitte-gdansk
Test Automation Engineer (Java) | Google Mosaic | Cloud&Engineering  NOWA,Warsaw,Not specified,Not specified,"Testing, Python, Test automation, Java",Deloitte,Senior,https://nofluffjobs.com/pl/job/test-automation-engineer-java-google-mosaic-cloud-engineering-deloitte-warsaw
.NET Core Cloud Engineer (CommandCental Drive)  NOWA,Kraków,15 000,18 000,"Backend, Python, .NET, Cloud",Motorola Solutions Systems Polska,Senior,https://nofluffjobs.com/pl/job/net-core-cloud-engineer-commandcental-drive-motorola-solutions-systems-polska-krakow-1
Digital Team Manager  NOWA,Kraków,Not specified,Not specified,"Data, Python, Sass, SDLC",Jacobs,Mid,https://nofluffjobs.com/pl/job/digital-team-manager-jacobs-krakow
Automation Testing Analyst  NOWA,Warszawa,Not specified,Not specified,"Testing, Python, Java, QA",Citibank Europe PLC,Mid,https://nofluffjobs.com/pl/job/automation-testing-analyst-citibank-europe-plc-warszawa
Security Architect  NOWA,Kraków,28 560,33 600,"Architecture, Python, C, C++",Devire,Senior,https://nofluffjobs.com/pl/job/security-architect-devire-krakow
Middle/Senior C++ Software Engineer  NOWA,Zdalnie,16 000,21 000,"Backend, Python, C++, Build tools like CMake",SoftServe,Mid,https://nofluffjobs.com/pl/job/middle-senior-c-software-engineer-softserve-remote
Data Engineer  NOWA,Zdalnie,28 000,32 000,"Data, Python, Azure, Data pipelines",AVENGA,Senior,https://nofluffjobs.com/pl/job/data-engineer-avenga-remote-36
Expert/Senior DevOps Engineer - Cross Platform Team  NOWA,Warszawa,12 000,22 000,"DevOps, Python, RedHat, CoreOS",ING BANK ŚLĄSKI SPÓŁKA AKCYJNA,Senior,https://nofluffjobs.com/pl/job/expert-senior-devops-engineer-cross-platform-team-ing-bank-slaski-spolka-akcyjna-warszawa
GCP Platform Engineer  NOWA,Zdalnie,15 120,17 472,"DevOps, Python, GCP, Terraform",ITFS Sp. z o.o.,Mid,https://nofluffjobs.com/pl/job/gcp-platform-engineer-itfs-remote-1
Inżynier DevOps  NOWA,Zdalnie,25 200,25 200,"DevOps, Python, Ansible, Terraform",emagine Sp. Z o.o.,Mid,https://nofluffjobs.com/pl/job/inzynier-devops-emagine-remote
Senior Software Development Engineer - Full Stack - HVDC Digital R&D  NOWA,Kraków,Not specified,Not specified,"Fullstack, Python, JavaScript, Data analytics",Hitachi Energy,Senior,https://nofluffjobs.com/pl/job/senior-software-development-engineer-full-stack-hvdc-digital-r-d-hitachi-energy-krakow
Senior DevOps Engineer (Kubernetes/OpenStack) - Network Department  NOWA,Warszawa,Not specified,Not specified,"DevOps, Python, K8s, OpenStack",T-Mobile Polska,Senior,https://nofluffjobs.com/pl/job/senior-devops-engineer-kubernetes-openstack-network-department-t-mobile-polska-warszawa
"AVP, Senior Analyst - Treasury Analytics  NOWA",Kraków,Not specified,Not specified,"Data, Python, Risk Modelling, Stress Testing",HSBC Technology Poland,Senior,https://nofluffjobs.com/pl/job/avp-senior-analyst-treasury-analytics-hsbc-technology-poland-krakow
Software Engineer with C and Linux Device Drivers  NOWA,Zdalnie,13 000,23 000,"Embedded, Python, C, PyATS",CodiLime,Mid,https://nofluffjobs.com/pl/job/software-engineer-with-c-and-linux-device-drivers-codilime-remote
Delphi Developer  NOWA,Zdalnie,21 000,21 000,"Backend, Python, Delphi, CI/CD",Sii Polska,Senior,https://nofluffjobs.com/pl/job/delphi-developer-sii-polska-remote
Senior Data Scientist  NOWA,Zdalnie,27 714,28 608,"Data, Python, AWS, MLOps",SNI,Senior,https://nofluffjobs.com/pl/job/senior-data-scientist-sni-remote
Business Analyst (IT and Regulatory Reporting)  NOWA,Warszawa,27 000,30 000,"Business Analysis, Python, Business analysis, Project management",Antal,Senior,https://nofluffjobs.com/pl/job/business-analyst-it-and-regulatory-reporting-antal-warszawa
Cyber Security Analyst - Remote  NOWA,Zdalnie,16 800,21 840,"Security, Python, SQL, Splunk",Link Group,Mid,https://nofluffjobs.com/pl/job/cyber-security-analyst-remote-link-group
AWS Cloud Architect  NOWA,Zdalnie,27 000,35 000,"Architecture, Python, AWS, AWS Cloud",Idego Group Sp. z o.o.,Senior,https://nofluffjobs.com/pl/job/aws-cloud-architect-idego-group-remote
System Administrator (Windows)  NOWA,Zdalnie,15 120,18 480,"Sys. Administrator, Python, Microsoft Windows, HA",Scalo,Senior,https://nofluffjobs.com/pl/job/system-administrator-windows-scalo-remote
Senior QA Engineer - Remote   NOWA,Zdalnie,20 160,23 520,"Testing, Python, Java, QA",Infogain Technologies Sp. z o.o.,Senior,https://nofluffjobs.com/pl/job/senior-qa-engineer-remote-infogain-technologies
Specjalista/Specjalistka ds. wsparcia i rozwoju – obszar analityczny  NOWA,Warszawa,Not specified,Not specified,"Business Analysis, Python, MS Office, Excel",Santander Bank Polska,Mid,https://nofluffjobs.com/pl/job/specjalista-specjalistka-ds-wsparcia-i-rozwoju-obszar-analityczny-santander-bank-polska-warszawa
Senior Data Engineer z j. angielskim lub niemieckim (People and Project Analytics)  NOWA,Zdalnie,18 480,25 200,"Data, Python, SQL, Java",dmTECH,Senior,https://nofluffjobs.com/pl/job/senior-data-engineer-z-j-angielskim-lub-niemieckim-people-and-project-analytics-dmtech-remote
Senior Test Automation Engineer | System Delivery & Modernization  NOWA,Gdańsk,Not specified,Not specified,"Testing, Python, UX design, Business Analyst",Deloitte,Senior,https://nofluffjobs.com/pl/job/senior-test-automation-engineer-system-delivery-modernization-deloitte-gdansk
Senior Full-Stack/Back-end Developer C++  NOWA,Kraków,18 000,23 000,"Fullstack, Python, C++, JavaScript",Motorola Solutions Systems Polska,Senior,https://nofluffjobs.com/pl/job/senior-full-stack-back-end-developer-c--motorola-solutions-systems-polska-krakow-2
Full-stack Developer (Java & JavaScript)  NOWA,Kraków,Not specified,Not specified,"Fullstack, Python, JavaScript, React",ALDI Tech Hub,Mid,https://nofluffjobs.com/pl/job/full-stack-developer-java-javascript-aldi-tech-hub-krakow
DevOps Engineer | Digital Banking Solutions  NOWA,Zdalnie,Not specified,Not specified,"DevOps, Python, SQL, PostgreSQL",Deloitte,Mid,https://nofluffjobs.com/pl/job/devops-engineer-digital-banking-solutions-deloitte-remote
Azure Data Architect | AI & Data Practice | Consulting  NOWA,Riga,Not specified,Not specified,"Data, Python, Azure Cloud, Azure Data Factory",Deloitte,Expert,https://nofluffjobs.com/pl/job/azure-data-architect-ai-data-practice-consulting-deloitte-riga
Senior Network Automation Software Engineer  NOWA,Zdalnie,25 200,33 600,"Telekomunikacja, Python, CISCO NSO, Networking",Amartus Polska Sp. z o.o.,Senior,https://nofluffjobs.com/pl/job/senior-network-automation-software-engineer-amartus-polska-remote-2
Senior Security Engineer  NOWA,Zdalnie,26 880,28 560,"Security, Python, OWASP, SonarQube",Scalo,Senior,https://nofluffjobs.com/pl/job/senior-security-engineer-scalo-remote
Data Engineer – Cloud Data Solutions  NOWA,Kraków,21 000,29 000,"Data, Python, Spark, Azure Cloud",ITDS,Senior,https://nofluffjobs.com/pl/job/data-engineer-cloud-data-solutions-itds-krakow
Kierownik Zespołu/Full Stack Developer z C++  NOWA,warszawa,30 000,36 000,"Fullstack, Python, C++, REST",WB ELectronics S.A.,Expert,https://nofluffjobs.com/pl/job/kierownik-zespolu-full-stack-developer-z-c--wb-electronics-warszawa
Analityk / Analityczka SOC L2 - Tribe Security  NOWA,Warszawa,Not specified,Not specified,"Security, Python, Bash, WAF",T-Mobile Polska,Mid,https://nofluffjobs.com/pl/job/analityk-analityczka-soc-l2-tribe-security-t-mobile-polska-warszawa
Middle Data Scientist Generative AI  NOWA,Zdalnie,15 000,20 000,"Data, Python, LLM, NLP",SoftServe,Mid,https://nofluffjobs.com/pl/job/middle-data-scientist-generative-ai-softserve-remote
Junior Model Developer  NOWA,Łódź,Not specified,Not specified,"Testing, Python, R, Java",CommerzBank,Mid,https://nofluffjobs.com/pl/job/junior-model-developer-commerzbank-lodz
Senior Security Engineer  NOWA,Warszawa,29 000,47 000,"Security, Python, AWS, Bash",hyperexponential,Senior,https://nofluffjobs.com/pl/job/senior-security-engineer-hyperexponential-warszawa
Senior Technical Support Engineer ( L3 )  NOWA,Zdalnie,11 152,13 284,"Support, Python, Java, JavaScript",Mend.io,Senior,https://nofluffjobs.com/pl/job/senior-technical-support-engineer-l3-mend-io-remote
Weblogic Administrator Engineer  NOWA,Zdalnie,7 000,12 000,"Sys. Administrator, Python, WebLogic, Security",Sopra Steria Poland,Mid,https://nofluffjobs.com/pl/job/weblogic-administrator-engineer-sopra-steria-poland-remote
Oracle Database Developer  NOWA,Warszawa,Not specified,Not specified,"Data, Python, Oracle, SQL",Citibank Europe PLC,Mid,https://nofluffjobs.com/pl/job/oracle-database-developer-citibank-europe-plc-warszawa
Data Architect  NOWA,Wrocław,31 920,36 960,"Data, Python, Azure, AI",Experis Polska,Mid,https://nofluffjobs.com/pl/job/data-architect-experis-polska-wroclaw
Software Backend Developer  NOWA,Warszawa,13 000,17 000,"Backend, Python, C, Perl",Link Group,Mid,https://nofluffjobs.com/pl/job/software-backend-developer-link-group-warszawa
DevOps Engineer (SRE)  NOWA,Zdalnie,Not specified,Not specified,"DevOps, Python, K8s, CI/CD",Experis Polska,Mid,https://nofluffjobs.com/pl/job/devops-engineer-sre-experis-polska-remote
DevOps Engineer  NOWA,Zdalnie,Not specified,Not specified,"DevOps, Python, K8s, GitLab",Experis Polska,Mid,https://nofluffjobs.com/pl/job/devops-engineer-experis-polska-remote-1
Test Automation Lead - Remote  NOWA,Zdalnie,16 800,16 800,"Testing, Python, Test automation, CI/CD",Link Group,Senior,https://nofluffjobs.com/pl/job/test-automation-lead-remote-link-group
Senior Azure MLOps Engineer  NOWA,Zdalnie,30 000,37 000,"DevOps, Python, Azure, TFS",hubQuest,Senior,https://nofluffjobs.com/pl/job/senior-azure-mlops-engineer-hubquest-remote
Senior Data Scientist  NOWA,Warszawa,22 400,33 600,"Data, Python, Machine learning, Analytical skills",Adform Sp. z o.o.,Senior,https://nofluffjobs.com/pl/job/senior-data-scientist-adform-warszawa
Devops Engineer  NOWA,Gdańsk,21 840,22 680,"DevOps, Python, Java, SQL",AVENGA,Mid,https://nofluffjobs.com/pl/job/devops-engineer-avenga-gdansk-1
DevOps   NOWA,Warszawa,Not specified,Not specified,"DevOps, Python, GitLab, K8s",Alsendo,Mid,https://nofluffjobs.com/pl/job/devops-alsendo-warszawa
Remote Embedded C/C++ Developer  NOWA,Zdalnie,20 160,33 600,"Embedded, Python, C, Linux",int2code GmbH,Mid,https://nofluffjobs.com/pl/job/remote-embedded-c-c-developer-int2code-2
Data Engineer (GCP)  NOWA,Zdalnie,18 480,26 880,"Data, Python, GCP, SQL",GetInData | Part of Xebia,Mid,https://nofluffjobs.com/pl/job/data-engineer-gcp-getindata-part-of-xebia-remote
Specjalista DevOps   NOWA,Zdalnie,16 800,23 520,"DevOps, Python, Linux, RHEL",Ness Solution,Mid,https://nofluffjobs.com/pl/job/specjalista-devops-ness-solution-remote
DevOps Engineer  NOWA,Zdalnie,Not specified,Not specified,"DevOps, Python, K8s, Spring Boot",Experis Polska,Mid,https://nofluffjobs.com/pl/job/devops-engineer-experis-polska-remote
Data Engineer Lead  NOWA,Zdalnie,28 560,31 920,"Data, Python, SQL, Google BigQuery",KAHOOT! POLAND SPÓŁKA Z OGRANICZONĄ ODPOWIEDZIALNOŚCIĄ,Mid,https://nofluffjobs.com/pl/job/data-engineer-lead-kahoot-poland-spolka-z-ograniczona-odpowiedzialnoscia-remote-1
Senior Data Engineer – Europe Ambulance initiative  NOWA,Warsaw,21 000,26 000,"Data, Python, PySpark, Azure",Falck Digital Technology Poland Sp. z o.o.,Senior,https://nofluffjobs.com/pl/job/senior-data-engineer-europe-ambulance-initiative-falck-digital-technology-poland-warsaw
Scala Developer  NOWA,Gdańsk,25 200,28 560,"Data, Python, Scala, Spark",emagine Sp. Z o.o.,Mid,https://nofluffjobs.com/pl/job/scala-developer-emagine-gdansk
Senior Perception Robotics Engineer  NOWA,Zdalnie,18 000,28 000,"Automatyka, Python, C++, TensorFlow",SoftServe,Senior,https://nofluffjobs.com/pl/job/senior-perception-robotics-engineer-softserve-remote
Data Scientist  NOWA,Warszawa,Not specified,Not specified,"Data, Python, T-SQL, DAX",emagine Sp. Z o.o.,Mid,https://nofluffjobs.com/pl/job/data-scientist-emagine-warszawa
Senior Robotics Engineer  NOWA,Zdalnie,18 000,28 000,"Automatyka, Python, C++, ROS",SoftServe,Senior,https://nofluffjobs.com/pl/job/senior-robotics-engineer-softserve-remote-1
Data Engineering Tech Lead (Databricks)  NOWA,Zdalnie,24 109,30 997,"Data, Python, Snowflake, Relational database",N-iX,Expert,https://nofluffjobs.com/pl/job/data-engineering-tech-lead-databricks-n-ix-remote
Senior Data Scientist  NOWA,Zdalnie,17 500,22 500,"Data, Python, Deep learning, Data science",Boneffice System,Senior,https://nofluffjobs.com/pl/job/senior-data-scientist-boneffice-system-remote
Młodszy specjalista ds. automatyzacji  NOWA,Szydłowiec,Not specified,Not specified,"Automatyka, Python, Fanuc, CAD",HR WISE Sp. z o.o.,Junior,https://nofluffjobs.com/pl/job/mlodszy-specjalista-ds-automatyzacji-hr-wise-szydlowiec
Senior QA Engineer  NOWA,Zdalnie,16 500,22 000,"Testing, Python, Playwright, Selenium",Grape Up,Senior,https://nofluffjobs.com/pl/job/senior-qa-engineer-grape-up-remote
Operating System Administrator  NOWA,Zdalnie,Not specified,Not specified,"Sys. Administrator, Python, OS, Linux",NTT DATA Business Solutions,Mid,https://nofluffjobs.com/pl/job/operating-system-administrator-ntt-data-business-solutions-remote
Senior Data Engineer (AWS)  NOWA,Zdalnie,Not specified,Not specified,"Data, Python, AWS, angielski",Provectus,Mid,https://nofluffjobs.com/pl/job/senior-data-engineer-aws-provectus-remote
Senior/Regular C++ Developer – Automotive  NOWA,Zdalnie,11 760,22 680,"Embedded, Python, C++, Git",Spyrosoft,Senior,https://nofluffjobs.com/pl/job/senior-regular-c-developer-automotive-spyrosoft-remote
Data Analyst  NOWA,Warszawa,Not specified,Not specified,"Data, Python, SQL, R",Santander Bank Polska,Mid,https://nofluffjobs.com/pl/job/data-analyst-santander-bank-polska-warszawa
Senior Software Engineer  NOWA,Zdalnie,28 560,38 640,"Data, Python, ETL, SQL",Devire,Senior,https://nofluffjobs.com/pl/job/senior-software-engineer-devire-remote-2
LLM Developer  NOWA,Białystok,24 000,32 000,"AI/ML, Python, LLM, RAG",Sii Polska,Senior,https://nofluffjobs.com/pl/job/llm-developer-sii-polska-bialystok
Data Science Team Lead  NOWA,Zdalnie,Not specified,Not specified,"Data, Python, Data mining, Data models",RTB House,Expert,https://nofluffjobs.com/pl/job/data-science-team-lead-rtb-house-remote
Database Administrator  NOWA,Kraków,Not specified,Not specified,"Sys. Administrator, Python, Linux, Windows Server",ALDI Tech Hub,Mid,https://nofluffjobs.com/pl/job/database-administrator-aldi-tech-hub-krakow
Platform Engineer  NOWA,Kraków,11 700,19 600,"Fullstack, Python, Java, AWS",Ringier Axel Springer Tech,Mid,https://nofluffjobs.com/pl/job/platform-engineer-ringier-axel-springer-tech-krakow-1
Senior DevOps Engineer  NOWA,Łódź,Not specified,Not specified,"DevOps, Python, Cloud, AWS",Godel Technologies Europe,Mid,https://nofluffjobs.com/pl/job/senior-devops-engineer-godel-technologies-europe-lodz
Data Scientist  NOWA,Zdalnie,15 000,19 000,"Data, Python, SQL, LlamaIndex",XTB,Mid,https://nofluffjobs.com/pl/job/data-scientist-xtb-remote-3
Cloud Engineer,Zdalnie,15 340,18 170,"DevOps, Python, Cloud, Security",Bamboo Health Sp. z o.o.,Mid,https://nofluffjobs.com/pl/job/cloud-engineer-bamboo-health-remote
Product Security Architect,Kraków,17 000,26 000,"Security, Python, Degree, CISSP",Motorola Solutions Systems Polska,Senior,https://nofluffjobs.com/pl/job/product-security-architect-motorola-solutions-systems-polska-krakow-1
Data Engineer Lead,Zdalnie,22 000,27 500,"Data, Python, Scala, GCP",Harvey Nash Technology,Senior,https://nofluffjobs.com/pl/job/data-engineer-lead-harvey-nash-technology-remote
Senior Distributed Systems Engineer,Zdalnie,35 000,47 000,"Backend, Python, Java, Jenkins",RTB House,Senior,https://nofluffjobs.com/pl/job/senior-distributed-systems-engineer-rtb-house-remote-3
Senior Data Engineer,Zdalnie,21 321,25 421,"Data, Python, AWS, Glue",N-iX,Senior,https://nofluffjobs.com/pl/job/senior-data-engineer-n-ix-remote-3
Lead Data Engineer,Zdalnie,25 421,27 881,"Data, Python, AWS, SQL",N-iX,Expert,https://nofluffjobs.com/pl/job/lead-data-engineer-n-ix-remote-1
Senior Data Engineer (Azure),Zdalnie,26 880,28 560,"Data, Python, Azure, Data engineering",Scalo,Senior,https://nofluffjobs.com/pl/job/senior-data-engineer-azure-scalo-remote
Financial Engineering Business Analyst,Cracow,26 880,26 880,"Business Analysis, Python, Degree, Business Analyst",emagine Sp. Z o.o.,Senior,https://nofluffjobs.com/pl/job/financial-engineering-business-analyst-emagine-cracow
Senior Data Science Engineer,Zdalnie,26 040,31 920,"Data, Python, Machine learning, Analytical skills",Infogain Technologies Sp. z o.o.,Senior,https://nofluffjobs.com/pl/job/senior-data-science-engineer-infogain-technologies-remote
Lead Platform/DevOps Engineer,Zdalnie,28 701,32 801,"DevOps, Python, Ansible, Integration test",TechHunt,Expert,https://nofluffjobs.com/pl/job/lead-platform-devops-engineer-techhunt-remote
Senior Business Analyst – Financial Risk Management,Warsaw,28 560,36 960,"Business Analysis, Python, Business Analyst, Testing",Link Group,Senior,https://nofluffjobs.com/pl/job/senior-business-analyst-financial-risk-management-link-group-warsaw
DevOps Engineer,Warszawa,25 200,25 200,"Sys. Administrator, Python, RHEL, Bash script",P&P Solutions Sp. z o.o.,Mid,https://nofluffjobs.com/pl/job/devops-engineer-p-p-solutions-warszawa
Administrator Systemów Linux,Kraków,10 000,15 000,"Sys. Administrator, Python, Linux, RHEL",Unity-T Group,Mid,https://nofluffjobs.com/pl/job/administrator-systemow-linux-unity-t-group-krakow-3
Site Reliability Engineer,Zdalnie,21 000,27 000,"DevOps, Python, SRE, Prometheus",XTB,Senior,https://nofluffjobs.com/pl/job/site-reliability-engineer-xtb-remote
Data Analyst,Zdalnie,12 000,17 000,"Data, Python, SQL, Azure",XTB,Mid,https://nofluffjobs.com/pl/job/data-analyst-xtb-remote-1
FULLSTACK C++ DEVELOPER (PROGRAMISTA C++),Mielec,10 000,15 000,"Fullstack, Python, C++, Qt",R&G Plus,Mid,https://nofluffjobs.com/pl/job/fullstack-c-developer-programista-c--r-g-plus-mielec
Senior Azure DevOps Engineer,Zdalnie,30 000,37 000,"DevOps, Python, Azure, Azure Cloud",hubQuest,Senior,https://nofluffjobs.com/pl/job/senior-azure-devops-engineer-hubquest-remote
Solution Validation Specialist,Zdalnie,Not specified,Not specified,"Telekomunikacja, Python, Cisco, Networking",Experis Polska,Senior,https://nofluffjobs.com/pl/job/solution-validation-specialist-experis-polska-remote-1
"Senior Software Engineer, Data Infrastructure",Warszawa,29 000,36 800,"DevOps, Python, AWS, SQL",Asana,Senior,https://nofluffjobs.com/pl/job/senior-software-engineer-data-infrastructure-asana-warszawa-1
Cloud Engineer (preferably AWS),Gdańsk,33 600,33 600,"DevOps, Python, AWS, Terraform",emagine Sp. Z o.o.,Mid,https://nofluffjobs.com/pl/job/cloud-engineer-preferably-aws-emagine-gdansk
Senior DevOps Engineer,Zdalnie,24 601,28 701,"DevOps, Python, AWS, Terraform",Naviteq,Senior,https://nofluffjobs.com/pl/job/senior-devops-engineer-naviteq-remote-4
Senior DevOps Engineer (Azure),Łódź,Not specified,Not specified,"DevOps, Python, Azure, Linux",IDEMIA Poland Sp z o.o.,Senior,https://nofluffjobs.com/pl/job/senior-devops-engineer-azure-idemia-poland-lodz
Integration Engineer,Łódź,Not specified,Not specified,"DevOps, Python, Azure, AKS",IDEMIA Poland Sp z o.o.,Mid,https://nofluffjobs.com/pl/job/integration-engineer-idemia-poland-lodz
Senior Tools Administrator,Łódź,Not specified,Not specified,"Sys. Administrator, Python, JFrog Articatory, Centreon",IDEMIA Poland Sp. z o.o.,Mid,https://nofluffjobs.com/pl/job/senior-tools-administrator-idemia-poland-lodz
Remote Senior Fullstack Developer,Zdalnie,20 000,24 000,"Fullstack, Python, Golang, GraphQL","Tempest Labs, Inc.",Senior,https://nofluffjobs.com/pl/job/remote-senior-fullstack-developer-tempest-labs
Azure Data Engineer - Remote,Zdalnie,24 601,30 751,"Data, Python, Azure, Azure Data Factory",Link Group,Senior,https://nofluffjobs.com/pl/job/azure-data-engineer-remote-link-group-3
Administrator Systemów / DevOps,Gdańsk,7 500,15 000,"Sys. Administrator, Python, Linux, Nginx",Parleto,Mid,https://nofluffjobs.com/pl/job/administrator-systemow-devops-parleto-gdansk
Backend Developer (project-based) - Remote,Zdalnie,20 501,24 601,"Backend, Python, Web3, Node.js",Linum Labs,Mid,https://nofluffjobs.com/pl/job/backend-developer-project-based-remote-linum-labs
Quality Automation Engineer,Zdalnie,16 400,22 551,"Testing, Python, .NET, Test automation",PAR Data Central,Senior,https://nofluffjobs.com/pl/job/quality-automation-engineer-par-data-central-remote
Cyber Threat Intelligence Analyst,Zdalnie,17 800,30 000,"Security, Python, DevSecOps, Cybersecurity",Volvo Group,Senior,https://nofluffjobs.com/pl/job/cyber-threat-intelligence-analyst-volvo-group-remote
Analityk/-czka Danych - Telco Fraud Managment,Warszawa,Not specified,Not specified,"Data, Python, SQL, Telco",T-Mobile Polska,Mid,https://nofluffjobs.com/pl/job/analityk-czka-danych-telco-fraud-managment-t-mobile-polska-warszawa
DevOps,Gdańsk,10 000,15 000,"DevOps, Python, K8s, Ansible",Centrum Usług Informatycznych Politechnika Gdańska,Mid,https://nofluffjobs.com/pl/job/devops-centrum-uslug-informatycznych-politechnika-gdanska-gdansk
DevOps Engineer (Sportsbetting),Zabierzów,14 000,28 000,"DevOps, Python, Terraform, AWS",NOVOMATIC Technologies Poland,Senior,https://nofluffjobs.com/pl/job/devops-engineer-sportsbetting-novomatic-technologies-poland-zabierzow
Cyber Threat Intelligence Analyst,Kraków,11 000,17 000,"Security, Python, Threat and vulnerability assessments, OSINT",Motorola Solutions Systems Polska,Mid,https://nofluffjobs.com/pl/job/cyber-threat-intelligence-analyst-motorola-solutions-systems-polska-krakow-1
IT Architect/Product Owner,Zdalnie,31 080,31 080,"Product Management, Python, Keycloak, Security",Unravel,Senior,https://nofluffjobs.com/pl/job/it-architect-product-owner-unravel-remote
Mid/Senior Test Automation Engineer with Traffic Generators - Remote,Zdalnie,16 500,23 000,"Testing, Python, Test automation, IXIA",CodiLime,Mid,https://nofluffjobs.com/pl/job/mid-senior-test-automation-engineer-with-traffic-generators-remote-codilime
Mid/Senior Data Engineer,Zdalnie,23 520,31 080,"Data, Python, Hadoop, Scala",GetInData | Part of Xebia,Senior,https://nofluffjobs.com/pl/job/mid-senior-data-engineer-getindata-part-of-xebia-remote-1
Software Development Engineer - Messaging Platform,Kraków,20 000,24 000,"PM, Python, Degree, Golang",Remitly Poland sp. z o.o.,Mid,https://nofluffjobs.com/pl/job/software-development-engineer-messaging-platform-remitly-poland-krakow
Senior .net developer,Zdalnie,Not specified,Not specified,"Fullstack, Python, .NET, NoSQL",SNI,Senior,https://nofluffjobs.com/pl/job/senior-net-developer-sni-remote
Senior C Software Engineer,Kraków,15 000,21 000,"Embedded, Python, C, C++",Motorola Solutions Systems Polska,Senior,https://nofluffjobs.com/pl/job/senior-c-software-engineer-motorola-solutions-systems-polska-krakow-1
Senior BI Tableau Specialist,Zdalnie,23 520,27 720,"Business Intelligence, Python, Tableau, Talend",AVENGA,Senior,https://nofluffjobs.com/pl/job/senior-bi-tableau-specialist-avenga-remote
Senior Rust Full-Stack developer for decentralized social platform,Zdalnie,Not specified,Not specified,"Fullstack, Python, Rust, JavaScript",DevBrother,Expert,https://nofluffjobs.com/pl/job/senior-rust-full-stack-developer-for-decentralized-social-platform-devbrother-remote
TIBCO Integration Developer,Zdalnie,27 720,31 080,"Inne, Python, TIBCO, Java",1dea,Senior,https://nofluffjobs.com/pl/job/tibco-integration-developer-1dea-remote
Senior DevOps and Cloud Infrastructure Engineer,Zdalnie,18 509,24 679,"DevOps, Python, AWS, K8s",IDBC Creative Solutions Kft.,Expert,https://nofluffjobs.com/pl/job/senior-devops-and-cloud-infrastructure-engineer-idbc-creative-solutions-kft--remote
Programista PHP,Gdynia,7 000,13 000,"Fullstack, Python, PHP, SQL",ENAMOR SPÓŁKA Z OGRANICZONĄ ODPOWIEDZIALNOŚCIĄ,Mid,https://nofluffjobs.com/pl/job/programista-php-enamor-spolka-z-ograniczona-odpowiedzialnoscia-gdynia
Ekspert IT w zakresie rozwiązań sieciowych,Gliwice,15 000,21 000,"Sys. Administrator, Python, BGP, OSPF",WASKO S.A.,Senior,https://nofluffjobs.com/pl/job/ekspert-it-w-zakresie-rozwiazan-sieciowych-wasko-gliwice
Senior Business Intelligence Analyst,Warszawa,Not specified,Not specified,"Business Intelligence, Python, Tableau, SQL",T-Mobile Polska,Senior,https://nofluffjobs.com/pl/job/senior-business-intelligence-analyst-t-mobile-polska-warszawa
"Senior DevOps Engineer, Kubernetes (Kraków)",Kraków,Not specified,Not specified,"DevOps, Python, K8s, Terraform",LotusFlare,Senior,https://nofluffjobs.com/pl/job/senior-devops-engineer-kubernetes-krakow-lotusflare-krakow
Senior Fullstack Developer,Warszawa,22 000,27 000,"Fullstack, Python, Java, AWS",PYSENSE Sp. z o. o.,Senior,https://nofluffjobs.com/pl/job/senior-fullstack-developer-pysense-warszawa-1
Programista Linux (C/C++),Warszawa,17 000,23 000,"Backend, Python, C++, C",Superdevs,Senior,https://nofluffjobs.com/pl/job/programista-linux-c-c--superdevs-warszawa
"Middle DevOps Engineer, Kubernetes (Kraków)",Kraków,Not specified,Not specified,"DevOps, Python, K8s, Terraform",LotusFlare,Mid,https://nofluffjobs.com/pl/job/middle-devops-engineer-kubernetes-krakow-lotusflare-krakow
CI/CD Engineer,Zdalnie,15 000,22 000,"Inne, Python, CI/CD, Linux",XTB,Mid,https://nofluffjobs.com/pl/job/ci-cd-engineer-xtb-remote-3
Remote Lead Fullstack Developer,Zdalnie,25 000,35 000,"Fullstack, Python, JavaScript, React",Flyps,Senior,https://nofluffjobs.com/pl/job/remote-lead-fullstack-developer-flyps
DevOps/System Engineer,Łódź,Not specified,Not specified,"DevOps, Python, Docker, Docker Compose",ELESTER Sp z o.o.,Senior,https://nofluffjobs.com/pl/job/devops-system-engineer-elester-lodz
Software Engineer,Kraków,22 000,22 000,"Fullstack, Python, .NET, Cloud",Medius,Mid,https://nofluffjobs.com/pl/job/software-engineer-medius-krakow
Senior Data Engineer,Kraków,20 000,20 000,"Data, Python, Databricks, ETL",Medius,Senior,https://nofluffjobs.com/pl/job/senior-data-engineer-medius-krakow
Machine Learning Engineer (100% remote),Zdalnie,16 800,25 200,"AI/ML, Python, Machine learning, Big data",Devire,Mid,https://nofluffjobs.com/pl/job/machine-learning-engineer-100-remote-devire
Data Engineer,Kraków,Not specified,Not specified,"Data, Python, SQL, Databricks",ALDI Tech Hub,Mid,https://nofluffjobs.com/pl/job/data-engineer-aldi-tech-hub-krakow
Senior AI Engineer,Zdalnie,26 880,31 920,"AI/ML, Python, GPT4 API, Claude",Devire,Senior,https://nofluffjobs.com/pl/job/senior-ai-engineer-devire-remote
Senior Embedded Developer,Warszawa,17 000,22 000,"Embedded, Python, C++, C",PYSENSE Sp. z o. o.,Senior,https://nofluffjobs.com/pl/job/senior-embedded-developer-pysense-warszawa
Lead DevOps AWS Engineer,Zdalnie,30 751,32 801,"DevOps, Python, AWS, Kubernates",Appex Team,Senior,https://nofluffjobs.com/pl/job/lead-devops-aws-engineer-appex-team-remote
Manual QA Engineer - Remote,Zdalnie,Not specified,Not specified,"Testing, Python, Linux, Shell",Codenotary,Senior,https://nofluffjobs.com/pl/job/manual-qa-engineer-remote-codenotary
Engineering Team Lead - Remote,Zdalnie,Not specified,Not specified,"Backend, Python, Golang, Communication skills",Codenotary,Senior,https://nofluffjobs.com/pl/job/engineering-team-lead-remote-codenotary
Senior Fullstack Engineer - Remote,Zdalnie,Not specified,Not specified,"Fullstack, Python, JavaScript, React",Codenotary,Senior,https://nofluffjobs.com/pl/job/senior-fullstack-engineer-remote-codenotary
AWS Backend Developer,Zdalnie,24 109,34 441,"Backend, Python, Node.js, AWS",Unisystech Consulting Inc.,Senior,https://nofluffjobs.com/pl/job/aws-backend-developer-unisystech-consulting-remote
DevOps Engineer,Zdalnie,7 000,12 000,"DevOps, Python, JavaScript, PHP",Sopra Steria Poland,Mid,https://nofluffjobs.com/pl/job/devops-engineer-sopra-steria-poland-remote-2
Senior DevOps Engineer,Zdalnie,25 000,32 000,"DevOps, Python, AWS, K8s",Zowie,Senior,https://nofluffjobs.com/pl/job/senior-devops-engineer-zowie-remote
Konstruktor Automatyk-Programista,Kielce,Not specified,Not specified,"Automatyka, Python, PLC, Prawo jazdy kat. B",ISKRA Zakład Maszyn i Łożysk Specjalnych Sp. z o.o.,Mid,https://nofluffjobs.com/pl/job/konstruktor-automatyk-programista-iskra-zaklad-maszyn-i-lozysk-specjalnych-kielce
CloudOps Software Engineer,Kraków,15 000,19 000,"DevOps, Python, Azure, AWS",Motorola Solutions Systems Polska,Senior,https://nofluffjobs.com/pl/job/cloudops-software-engineer-motorola-solutions-systems-polska-krakow
Data analyst CRM,Warszawa,Not specified,Not specified,"Data, Python, polski",Santander Bank Polska,Senior,https://nofluffjobs.com/pl/job/data-analyst-crm-santander-bank-polska-warszawa
Embedded Software Engineer with C++,Kraków,12 000,18 000,"Embedded, Python, C++, OpenCV",Motorola Solutions Systems Polska,Senior,https://nofluffjobs.com/pl/job/embedded-software-engineer-with-c--motorola-solutions-systems-polska-krakow
"Full-Stack / Front-End Developer (TypeScript, JavaScript, Node.js)",Kraków,9 000,16 000,"Fullstack, Python, Angular, JavaScript",Motorola Solutions Systems Polska,Mid,https://nofluffjobs.com/pl/job/full-stack-front-end-developer-typescript-javascript-node-js-motorola-solutions-systems-polska-krakow
Data Integration Manager,Zdalnie,Not specified,Not specified,"Data, Python, SQL, ukraiński",Competera,Mid,https://nofluffjobs.com/pl/job/data-integration-manager-competera-remote-3
DevOps/SCM Engineer,Kraków,12 000,19 000,"DevOps, Python, Jenkins, Atlassian",Motorola Solutions Systems Polska,Senior,https://nofluffjobs.com/pl/job/devops-scm-engineer-motorola-solutions-systems-polska-krakow
Senior Full-Stack/Back-end Developer C++,Kraków,18 000,23 000,"Fullstack, Python, C++, JavaScript",Motorola Solutions Systems Polska,Senior,https://nofluffjobs.com/pl/job/senior-full-stack-back-end-developer-c--motorola-solutions-systems-polska-krakow-1
Performance Tester,Zdalnie,16 800,23 100,"Testing, Python, JMeter, Locust",Sii Polska,Senior,https://nofluffjobs.com/pl/job/performance-tester-sii-polska-remote-1
Fullstack Developer (Java/Angular),Zdalnie,20 160,26 880,"Fullstack, Python, Angular, Team work",Knowit,Mid,https://nofluffjobs.com/pl/job/fullstack-developer-java-angular-knowit-remote
Senior Business Analyst,Kraków,Not specified,Not specified,"Business Analysis, Python, ETL, SAS",HSBC Technology Poland,Senior,https://nofluffjobs.com/pl/job/senior-business-analyst-hsbc-technology-poland-krakow-2
DevOps Engineer (Canada PST),Zdalnie,22 680,28 560,"DevOps, Python, Ansible, AWS",AVENGA,Senior,https://nofluffjobs.com/pl/job/devops-engineer-canada-pst-avenga-remote
Senior Embedded Engineer,Wrocław,18 480,24 360,"Embedded, Python, C++, Embedded system",Clone Incorporated,Senior,https://nofluffjobs.com/pl/job/senior-embedded-engineer-clone-incorporated-wroclaw-2
Medior/Senior Mendix Low-Code fejlesztő,Zdalnie,8 740,10 283,"Fullstack, Python, Mendix, Angular",Stylers Kft.,Mid,https://nofluffjobs.com/pl/job/medior-senior-mendix-low-code-fejleszto-stylers-kft--remote
Senior Product Analyst,Zdalnie,20 501,24 601,"Data, Python, SQL, Communication skills",N-iX,Senior,https://nofluffjobs.com/pl/job/senior-product-analyst-n-ix-remote
Senior Cloud Data Engineer,Warszawa,Not specified,Not specified,"Data, Python, SQL, Git",SEB (Skandinaviska Enskilda Banken),Senior,https://nofluffjobs.com/pl/job/senior-cloud-data-engineer-seb-skandinaviska-enskilda-banken-warszawa-1
Full-Stack Developer,Warsaw,12 000,17 000,"Fullstack, Python, JavaScript, Web applications",Engager.app,Mid,https://nofluffjobs.com/pl/job/full-stack-developer-engager-app-warsaw
Senior Engineering Manager,Warszawa,Not specified,Not specified,"Architecture, Python, Big data, J2EE",VISA,Senior,https://nofluffjobs.com/pl/job/senior-engineering-manager-visa-warszawa
Security Engineer,Kraków,14 000,23 000,"Security, Python, Enterprise Security, SIEM",Motorola Solutions Systems Polska,Mid,https://nofluffjobs.com/pl/job/security-engineer-motorola-solutions-systems-polska-krakow-1
Senior Cloud Engineer,Gdańsk,26 880,30 240,"DevOps, Python, AWS, Terraform",Devire,Senior,https://nofluffjobs.com/pl/job/senior-cloud-engineer-devire-gdansk
Analityk/-czka Biznesowo-Systemowy/-a - Partner and Payment Squad.,Warszawa,Not specified,Not specified,"Business Analysis, Python, MSSQL, Oracle",T-Mobile Polska,Mid,https://nofluffjobs.com/pl/job/analityk-czka-biznesowo-systemowy-a-partner-and-payment-squad--t-mobile-polska-warszawa
Data Engineer (Investment Banking Tech),Kraków,10 000,16 000,"Data, Python, Functional programming languages, Python / R",HSBC Technology Poland,Mid,https://nofluffjobs.com/pl/job/data-engineer-investment-banking-tech-hsbc-technology-poland-krakow
"AVP, Senior Analyst - Global Finance Analytics",Kraków,Not specified,Not specified,"Business Analysis, Python, Degree, Credit Risk Modelling",HSBC Technology Poland,Senior,https://nofluffjobs.com/pl/job/avp-senior-analyst-global-finance-analytics-hsbc-technology-poland-krakow
Senior Data Scientist Generative AI,Zdalnie,20 000,30 000,"AI/ML, Python, CV, NLP",SoftServe,Senior,https://nofluffjobs.com/pl/job/senior-data-scientist-generative-ai-softserve-remote-3
Senior Data Scientist,Warszawa,29 000,36 833,"Data, Python, SQL, Data science",Asana,Senior,https://nofluffjobs.com/pl/job/senior-data-scientist-asana-warszawa-1
Senior Data Engineer,Wrocław,24 700,27 700,"Data, Python, Data pipelines, Machine learning",AVENGA,Senior,https://nofluffjobs.com/pl/job/senior-data-engineer-avenga-wroclaw-1
Software Engineer,Zdalnie,13 000,18 000,"Backend, Python, PHP, Sympfony",Enzode,Mid,https://nofluffjobs.com/pl/job/software-engineer-enzode-remote
Data Analyst Germany (Hybrid Berlin) MID and Senior,Berlin,26 820,26 820,"Data, Python, Degree, Data science",Link Group,Senior,https://nofluffjobs.com/pl/job/data-analyst-germany-hybrid-berlin-mid-and-senior-link-group-berlin
2nd Line Support Engineer (Hybrid – Berlin),Berlin,13 410,17 880,"Support, Python, Cloud platform, Commvault",Link Group,Senior,https://nofluffjobs.com/pl/job/2nd-line-support-engineer-hybrid-berlin-link-group-berlin
Compute Engineer (Hybrid – Berlin),Berlin,17 880,26 820,"Fullstack, Python, Windows Server, VMware",Link Group,Senior,https://nofluffjobs.com/pl/job/compute-engineer-hybrid-berlin-link-group-berlin
Integration Developer (TIBCO BA) - Remote,Zdalnie,16 800,20 160,"DevOps, Python, TIBCO, Automated testing",Link Group,Senior,https://nofluffjobs.com/pl/job/integration-developer-tibco-ba-remote-link-group
Senior Full Stack Developer (NodeJS/React),Zdalnie,28 701,30 751,"Fullstack, Python, Node.js, React",Adaptiq,Senior,https://nofluffjobs.com/pl/job/senior-full-stack-developer-nodejs-react-adaptiq-remote
Junior Fullstack Developer,Warszawa,7 500,15 000,"Fullstack, Python, JavaScript, SQL",DIALO sp. z o.o.,Junior,https://nofluffjobs.com/pl/job/junior-fullstack-developer-dialo-warszawa
Middle Data Engineer (AWS),Zdalnie,Not specified,Not specified,"Data, Python, AWS, angielski",Provectus,Mid,https://nofluffjobs.com/pl/job/middle-data-engineer-aws-provectus-remote
Application Security Engineer,Zdalnie,Not specified,Not specified,"Security, Python, Azure, Secure_SDLC",Intellias,Mid,https://nofluffjobs.com/pl/job/application-security-engineer-intellias-remote
Customer Support Engineer - (Relocation to London),Londyn,12 816,25 632,"Support, Python, Customer Support, Node.js",Kaedim,Mid,https://nofluffjobs.com/pl/job/customer-support-engineer-relocation-to-london-kaedim-londyn
Software Engineer (Relocation to London),Londyn,14 952,29 904,"Fullstack, Python, React, Tailwind",Kaedim,Mid,https://nofluffjobs.com/pl/job/software-engineer-relocation-to-london-kaedim-londyn
DevOps Engineer (Relocation do London),Londyn,14 952,27 768,"DevOps, Python, Degree, Scripting language",Kaedim,Mid,https://nofluffjobs.com/pl/job/devops-engineer-relocation-do-london-kaedim-londyn
Azure Cloud Automation Engineer,Warszawa,10 000,15 000,"DevOps, Python, Azure, Azure Cloud",Omada,Junior,https://nofluffjobs.com/pl/job/azure-cloud-automation-engineer-omada-warszawa
Network Automation Consultant,Zdalnie,Not specified,Not specified,"DevOps, Python, Networking, Protocols",Experis Polska,Senior,https://nofluffjobs.com/pl/job/network-automation-consultant-experis-polska-remote-1
Senior Data Engineer (Azure / Databricks),Zdalnie,26 880,33 600,"Data, Python, Microsoft azure, Databricks",GetInData | Part of Xebia,Senior,https://nofluffjobs.com/pl/job/senior-data-engineer-azure-databricks-getindata-part-of-xebia-remote
QA Automation Test Engineer (Szczecin or Wrocław),Szczecin,18 480,25 200,"Automatyka, Python, QA, Robot Framework",Spyrosoft,Senior,https://nofluffjobs.com/pl/job/qa-automation-test-engineer-szczecin-or-wroclaw-spyrosoft-szczecin
Marketing Analytics Specialist,Łódź,7 740,12 340,"Marketing, Python, Google Analytics, GTM",Full Stack Experts,Mid,https://nofluffjobs.com/pl/job/marketing-analytics-specialist-full-stack-experts-lodz
Senior Storage Engineer with French,Kraków,Not specified,Not specified,"Sys. Administrator, Python, Storage, SAN",Capgemini Polska Sp. z o.o.,Mid,https://nofluffjobs.com/pl/job/senior-storage-engineer-with-french-capgemini-polska-krakow
Android Automotive Software Engineer,Zdalnie,33 600,33 600,"Backend, Python, Java, Yocto",Spyrosoft,Senior,https://nofluffjobs.com/pl/job/android-automotive-software-engineer-spyrosoft-remote-2
Power BI Data Analyst,Zdalnie,19 320,25 200,"Data, Python, Azure, Power BI",Holisticon Connect,Mid,https://nofluffjobs.com/pl/job/power-bi-data-analyst-holisticon-connect-remote-1
Backend Engineer (Infrastructure),Zdalnie,Not specified,Not specified,"Backend, Python, AWS, Boost",Welltech,Mid,https://nofluffjobs.com/pl/job/backend-engineer-infrastructure-welltech-remote
Data Engineer,Zdalnie,26 880,31 920,"Data, Python, Spark, Microsoft Azure",emagine Sp. Z o.o.,Senior,https://nofluffjobs.com/pl/job/data-engineer-emagine-remote-2
FullStack Node Developer,Zdalnie,Not specified,Not specified,"Fullstack, Python, Node.js, Nest.js",Euvic S.A.,Mid,https://nofluffjobs.com/pl/job/fullstack-node-developer-euvic-remote
Software Engineer - Golang at Koyeb - relocation to Paris,Zdalnie,20 501,25 626,"Backend, Python, Golang, SSO",Koyeb,Mid,https://nofluffjobs.com/pl/job/software-engineer-golang-at-koyeb-relocation-to-paris-koyeb-remote
DevSecOps Specialist,Warszawa,Not specified,Not specified,"DevOps, Python, SDLC, CD",Experis Polska,Senior,https://nofluffjobs.com/pl/job/devsecops-specialist-experis-polska-warszawa-1
Architekt Danych,Warszawa,Not specified,Not specified,"Data, Python, Databricks, Oracle",Santander Bank Polska,Mid,https://nofluffjobs.com/pl/job/architekt-danych-santander-bank-polska-warszawa
"SAS Software Engineer (preferred SAS CI, Viya)",Warszawa,Not specified,Not specified,"Data, Python, SAS, SAS Intelligent Decisioning (SID)",TotalDevs sp. z o.o.,Mid,https://nofluffjobs.com/pl/job/sas-software-engineer-preferred-sas-ci-viya-totaldevs-warszawa
Automation Tester / QA,Kraków,16 800,21 840,"Testing, Python, Selenium, Selenide",Scalo,Senior,https://nofluffjobs.com/pl/job/automation-tester-qa-scalo-krakow
Cloud Security Manager IAM with Okta,Zdalnie,20 160,22 848,"Security, Python, Okta, AWS",ITFS Sp. z o.o.,Mid,https://nofluffjobs.com/pl/job/cloud-security-manager-iam-with-okta-itfs-remote
Cloud Engineer,Krakow,25 200,33 600,"DevOps, Python, K8s, Cloud",Mindbox S.A.,Senior,https://nofluffjobs.com/pl/job/cloud-engineer-mindbox-krakow-2
Remote Atlassian Engineer,Zdalnie,Not specified,Not specified,"Sys. Administrator, Python, Groovy, Atlassian",G2A,Mid,https://nofluffjobs.com/pl/job/remote-atlassian-engineer-g2a
Remote Head of Data Analytics,Zdalnie,Not specified,Not specified,"Business Analysis, Python, SQL, R",G2A,Senior,https://nofluffjobs.com/pl/job/remote-head-of-data-analytics-g2a
Technical Support,Gdańsk,5 330,6 150,"Support, Python, Linux, SQL",Quod Financial,Trainee,https://nofluffjobs.com/pl/job/technical-support-quod-financial-gdansk-2
Technology Operation Officer,Wrocław,Not specified,Not specified,"DevOps, Python, Docker, AWS",HumanIT Group,Senior,https://nofluffjobs.com/pl/job/technology-operation-officer-humanit-group-wroclaw
Site Reliability Engineer + Kafka,Warszawa,25 200,25 200,"DevOps, Python, Kafka, SRE",Link Group,Senior,https://nofluffjobs.com/pl/job/site-reliability-engineer-kafka-link-group-warszawa
SENIOR CUSTOMER AND MARKETING ANALYST,Warsaw,12 000,15 000,"Business Analysis, Python, Cloud, AWS",Decathlon Sp. z o.o.,Mid,https://nofluffjobs.com/pl/job/senior-customer-and-marketing-analyst-decathlon-warsaw
Site Reliability Engineer + Hadoop,Warszawa,25 200,25 200,"DevOps, Python, Hadoop, SRE",Link Group,Senior,https://nofluffjobs.com/pl/job/site-reliability-engineer-hadoop-link-group-warszawa
Mid Fullstack Developer,Szczecin,15 000,22 000,"Fullstack, Python, JavaScript, Node.js",Consileon Polska,Mid,https://nofluffjobs.com/pl/job/mid-fullstack-developer-consileon-polska-szczecin
Head of Analytics,Zdalnie,Not specified,Not specified,"Business Intelligence, Python, Power BI, SQL",Magnetics,Expert,https://nofluffjobs.com/pl/job/head-of-analytics-magnetics-remote
Data Engineer in Warsaw (Middle/Spark),Warsaw,Not specified,Not specified,"Data, Python, Spark, DWH",TalentsToday,Mid,https://nofluffjobs.com/pl/job/data-engineer-in-warsaw-middle-spark-talentstoday-warsaw-1
"Sr Backend Developer with Golang (US, eCatholic)",Zdalnie,19 320,27 720,"Backend, Python, Golang, Go",From Poland With Dev,Senior,https://nofluffjobs.com/pl/job/sr-backend-developer-with-golang-us-ecatholic-from-poland-with-dev-remote
Full Stack Developer,Zdalnie,Not specified,Not specified,"Fullstack, Python, JavaScript, TypeScript",Hinty.co,Mid,https://nofluffjobs.com/pl/job/full-stack-developer-hinty-co-remote
Senior MLOps Engineer,Zdalnie,Not specified,Not specified,"AI/ML, Python, Azure, CD",ELEKS,Senior,https://nofluffjobs.com/pl/job/senior-mlops-engineer-eleks-remote
Middle/Senior Software Developer (C++),Zdalnie,Not specified,Not specified,"Backend, Python, C++, Multithreading",ELEKS,Senior,https://nofluffjobs.com/pl/job/middle-senior-software-developer-c--eleks-remote
Senior Full-Stack (Python+React.js) Developer,Zdalnie,Not specified,Not specified,"Fullstack, Python, React, Django",ELEKS,Senior,https://nofluffjobs.com/pl/job/senior-full-stack-python-react-js-developer-eleks-remote
Senior Backend Engineer - Ruby on Rails,Zdalnie,20 000,28 000,"Backend, Python, Ruby on Rails, Ruby",Knowde Inc.,Senior,https://nofluffjobs.com/pl/job/senior-backend-engineer-ruby-on-rails-knowde-remote-1
Data Engineer,Zdalnie,30 240,30 240,"Data, Python, SQL, Data modelling",emagine Sp. Z o.o.,Mid,https://nofluffjobs.com/pl/job/data-engineer-emagine-remote-3
Senior MLOps Engineer,Zdalnie,26 880,33 600,"Data, Python, Cloud, Bash",GetInData | Part of Xebia,Senior,https://nofluffjobs.com/pl/job/senior-mlops-engineer-getindata-part-of-xebia-remote
Senior Java Developer,Łódź,Not specified,Not specified,"Backend, Python, Java, JavaFX",Pixel Technology,Senior,https://nofluffjobs.com/pl/job/senior-java-developer-pixel-technology-lodz
Software Engineer,Warszawa,12 000,14 000,"Fullstack, Python, React, .NET",MicroStrategy,Junior,https://nofluffjobs.com/pl/job/software-engineer-microstrategy-warszawa
eCRM Intern,Warszawa,Not specified,Not specified,"Marketing, Python, MS Office, Excel",5BONSAI,Trainee,https://nofluffjobs.com/pl/job/ecrm-intern-5bonsai-warszawa
Marketing Automation Intern,Warszawa,Not specified,Not specified,"Marketing, Python, MS Office, Excel",5BONSAI,Trainee,https://nofluffjobs.com/pl/job/marketing-automation-intern-5bonsai-warszawa
Senior Data Analyst (Operations),Warszawa,Not specified,Not specified,"Business Analysis, Python, SQL, BI Tools",AirHelp,Senior,https://nofluffjobs.com/pl/job/senior-data-analyst-operations-airhelp-warszawa
Cloud Infrastructure DBA,Zdalnie,11 000,22 000,"DevOps, Python, AWS, PostgreSQL",Shiji Poland,Senior,https://nofluffjobs.com/pl/job/cloud-infrastructure-dba-shiji-poland-remote
Software Engineer II (Linux Application Developer),Warsaw,13 750,22 083,"Embedded, Python, Linux, C++",EditShare,Mid,https://nofluffjobs.com/pl/job/software-engineer-ii-linux-application-developer-editshare-warsaw
Junior IT Support Specialist,Zdalnie,7 000,10 000,"Support, Python, SQL, REST API",PragmaGO.tech Sp. z o.o.,Junior,https://nofluffjobs.com/pl/job/junior-it-support-specialist-pragmago-tech-remote
Senior Full-Stack/Back-end Developer C++,Kraków,18 000,23 000,"Fullstack, Python, C++, JavaScript",Motorola Solutions Systems Polska,Senior,https://nofluffjobs.com/pl/job/senior-full-stack-back-end-developer-c--motorola-solutions-systems-polska-krakow
ETL Tester with SQL,Warszawa,20 160,20 160,"Testing, Python, SQL, Ansible",emagine Sp. Z o.o.,Mid,https://nofluffjobs.com/pl/job/etl-tester-with-sql-emagine-warszawa
Remote Senior Devops Engineer (GCP + Azure),Zdalnie,21 000,31 000,"DevOps, Python, AWS, GCP",TotalDevs sp. z o.o.,Senior,https://nofluffjobs.com/pl/job/remote-senior-devops-engineer-gcp-azure-totaldevs
Senior Data Engineer,Warsaw,24 000,29 000,"Data, Python, Spark, Airflow",SambaTV,Senior,https://nofluffjobs.com/pl/job/senior-data-engineer-sambatv-warsaw
Specjalista ds. rozliczeń i zmiany sprzedawcy,Katowice,Not specified,Not specified,"Obsługa klienta, Python, Java, polski",ENGIE Zielona Energia Sp. z o.o.,Junior,https://nofluffjobs.com/pl/job/specjalista-ds-rozliczen-i-zmiany-sprzedawcy-engie-zielona-energia-katowice
Data Engineer (Fulfillment),Kraków,20 000,30 000,"Data, Python, Scala, Hadoop",Tesco Technology,Mid,https://nofluffjobs.com/pl/job/data-engineer-fulfillment-tesco-technology-krakow-5
Middle/Senior Software Engineer,Kraków,Not specified,Not specified,"Backend, Python, Java, JVM",LotusFlare,Mid,https://nofluffjobs.com/pl/job/middle-senior-software-engineer-lotusflare-krakow
Senior Test Engineer with Squish,Zdalnie,16 800,22 680,"Testing, Python, Squish, Test automation",Spyrosoft,Senior,https://nofluffjobs.com/pl/job/senior-test-engineer-with-squish-spyrosoft-remote
Administrator Systemów,Warszawa,25 200,25 200,"Sys. Administrator, Python, RHEL, Bash script",P&P Solutions Sp. z o.o.,Mid,https://nofluffjobs.com/pl/job/administrator-systemow-p-p-solutions-warszawa
DevOps Engineer,Kraków,Not specified,Not specified,"DevOps, Python, Linux, SQL",BrainSHARE IT,Mid,https://nofluffjobs.com/pl/job/devops-engineer-brainshare-it-krakow
DevOps Engineer,Gdańsk,18 480,25 200,"DevOps, Python, Java, VCS",emagine Sp. Z o.o.,Mid,https://nofluffjobs.com/pl/job/devops-engineer-emagine-gdansk-3
Programista / Web-developer,Zdalnie,10 643,21 286,"Backend, Python, Django, Clean Code",ADAMANTA SP. Z O.O.,Mid,https://nofluffjobs.com/pl/job/programista-web-developer-adamanta-remote
Senior Analytics Engineer (Azure),Zdalnie,21 840,30 240,"Data, Python, Azure, Power BI",GetInData | Part of Xebia,Senior,https://nofluffjobs.com/pl/job/senior-analytics-engineer-azure-getindata-part-of-xebia-remote
Data Engineer,Zdalnie,22 000,26 000,"Data, Python, Spark, Databricks",Sunscrapers,Mid,https://nofluffjobs.com/pl/job/data-engineer-sunscrapers-remote-2
Lead Data Engineer,Zdalnie,25 200,33 600,"Data, Python, Ms azure, Enterprise Architect",Elitmind,Expert,https://nofluffjobs.com/pl/job/lead-data-engineer-elitmind-remote
Senior DevOps Engineer (AWS/Azure/GCP) (Germany),Zdalnie,22 350,26 820,"DevOps, Python, Azure, Cloud platform",Link Group,Senior,https://nofluffjobs.com/pl/job/senior-devops-engineer-aws-azure-gcp-germany-link-group-remote
System Architect,Berlin,6 300,7 350,"Architecture, Python, AWS, Java",Link Group,Expert,https://nofluffjobs.com/pl/job/system-architect-link-group-berlin
"Mid Backend Developer with Golang (US, eCatholic)",Zdalnie,11 760,21 000,"Backend, Python, Golang, Go",From Poland With Dev,Mid,https://nofluffjobs.com/pl/job/mid-backend-developer-with-golang-us-ecatholic-from-poland-with-dev-remote-1
Continuous Improvement Analyst,Warszawa,Not specified,Not specified,"Business Analysis, Python, R, Data analysis",Perrigo,Mid,https://nofluffjobs.com/pl/job/continuous-improvement-analyst-perrigo-warszawa
Business Analyst (+QA) 100% remote,Zdalnie,21 840,26 880,"Business Analysis, Python, Business Analyst, Testing",Devire,Senior,https://nofluffjobs.com/pl/job/business-analyst-qa-100-remote-devire
Data Engineering Tech Lead (GCP),Zdalnie,28 560,36 960,"Data, Python, GCP, Airflow",Lingaro,Expert,https://nofluffjobs.com/pl/job/data-engineering-tech-lead-gcp-lingaro-remote
C# Developer,Zdalnie,15 500,17 500,"Backend, Python, C#, SQL",Connectis_,Mid,https://nofluffjobs.com/pl/job/c-developer-connectis--remote-1
Senior Performance Engineer - DevOps,Kraków,28 250,35 800,"DevOps, Python, MySQL, PostgreSQL",Beekeeper AG,Senior,https://nofluffjobs.com/pl/job/senior-performance-engineer-devops-beekeeper-krakow
Specjalista ds. R&D,Zdalnie,12 000,17 000,"Architecture, Python, Analiza danych, AWS",Aplikacje Krytyczne Sp. z o.o.,Mid,https://nofluffjobs.com/pl/job/specjalista-ds-r-d-aplikacje-krytyczne-remote
"Cloud Engineer (Krakow or Wroclaw, Poland)",Kraków,23 000,28 000,"DevOps, Python, Cloud development, AWS",Unit8 SA,Senior,https://nofluffjobs.com/pl/job/cloud-engineer-krakow-or-wroclaw-poland-unit8-krakow
Full-Stack / Front-End Developer (Angular),Kraków,10 000,18 000,"Fullstack, Python, Angular, JavaScript",Motorola Solutions Systems Polska,Senior,https://nofluffjobs.com/pl/job/full-stack-front-end-developer-angular-motorola-solutions-systems-polska-krakow
DevOps Engineer,Zdalnie,Not specified,Not specified,"DevOps, Python, Scala, Azure",PAR Data Central,Senior,https://nofluffjobs.com/pl/job/devops-engineer-par-data-central-remote
Rmt. Mid/Senior QA - Test Automation engineer,Zdalnie,16 000,22 000,"Testing, Python, Selenium, JavaScript",Meant4 Software,Senior,https://nofluffjobs.com/pl/job/rmt-mid-senior-qa-test-automation-engineer-meant4-software-remote-2
Remote Senior DevOps Engineer,Zdalnie,20 000,27 000,"DevOps, Python, Terraform, Ansible",Jirav,Expert,https://nofluffjobs.com/pl/job/remote-senior-devops-engineer-jirav
Junior Administrator Systemów Linux remote,Zdalnie,5 000,5 500,"Design, Python, Linux, PHP",Next Mobile P.S.A.,Junior,https://nofluffjobs.com/pl/job/junior-administrator-systemow-linux-remote-next-mobile-p-s-a-
Senior Java developer,Kraków,23 000,29 000,"Backend, Python, Java, SaaS",Maxio,Senior,https://nofluffjobs.com/pl/job/senior-java-developer-maxio-krakow
Senior/Lead Power BI Engineer,Zdalnie,24 601,29 111,"Business Intelligence, Python, Power BI, DAX",N-iX,Senior,https://nofluffjobs.com/pl/job/senior-lead-power-bi-engineer-n-ix-remote
Mid Business Intelligence Analyst,Kraków,Not specified,Not specified,"Business Intelligence, Python, Data integration, ETL process",Amway,Mid,https://nofluffjobs.com/pl/job/mid-business-intelligence-analyst-amway-krakow
Junior Delivery Engineer,Zdalnie,6 000,10 000,"Data, Python, SQL, Database",MasterBorn,Junior,https://nofluffjobs.com/pl/job/junior-delivery-engineer-masterborn-remote
Junior Cyber Defense Specialist,Kraków,7 000,11 000,"Security, Python, Information Security, SoC",Motorola Solutions Systems Polska,Junior,https://nofluffjobs.com/pl/job/junior-cyber-defense-specialist-motorola-solutions-systems-polska-krakow
Java Software Engineer - Remote   NOWA,Zdalnie,12 750,23 000,"Testing, Python, Java, Spring Boot",CodiLime,Mid,https://nofluffjobs.com/pl/job/java-software-engineer-remote-codilime
